Brand    , Product Name                                                                                                                                                                                             , Price (INR), Product Link
Samsung  , "Samsung Galaxy M06 5G (Sage Green, 4GB RAM, 128 GB Storage) | MediaTek Dimensity 6300 | AnTuTu Score 422K+ | 12 5G Bands| 25W Fast Charging | 4 Gen of OS Upgrades | Without Charger"                   ,        7999, https://www.amazon.in/sspa/click?ie=UTF8&spc=MTo2MDA3ODIzMDIwMzg2MzA1OjE3NjA5OTEzNTE6c3BfYXRmOjMwMDQ5OTI3NDczNDMzMjo6MDo6&url=%2FSamsung-MediaTek-Dimensity-Charging-Upgrades%2Fdp%2FB0DX6P3RX9%2Fref%3Dsr_1_1_sspa%3Fdib%3DeyJ2IjoiMSJ9.tZYdr2EMvWG7ucjZUrUVFh4rRcDY0kxuUElZ754q2W2sRcOOApLVASlWuz44KYxiz6MMz3YUGJMRu8SaOpVq_PZ5ZdD50BOE8qe0EgduZMrpc-I7R3OVbnKrTc4JtbzvhWTtoksOlJBAkoCfV2zcjvsGP_NeU1HfrQgtpMw7FSWqGYuXF9Gs-1IBZwrzdlvflFI8A4eBar_9QgTBHmOHhx-XUj-mG0m25kfd8BESzgQ.E5xFYqussrMGtNTlN8j1GqNxh1nYDdrjmJ-wjVe5Q-4%26dib_tag%3Dse%26keywords%3Dphones%26qid%3D1760991351%26sr%3D8-1-spons%26sp_csd%3Dd2lkZ2V0TmFtZT1zcF9hdGY%26psc%3D1&aref=i87rgVjJ0w&sp_cr=ZAZ
iPhone   , "iPhone Air 1 TB: Thinnest iPhone Ever, 16.63 cm (6.5″) Display with Promotion up to 120Hz, Powerful A19 Pro Chip, Center Stage Front Camera, All-Day Battery Life; Space Black"                         ,      159900, https://www.amazon.in/sspa/click?ie=UTF8&spc=MTo2MDA3ODIzMDIwMzg2MzA1OjE3NjA5OTEzNTE6c3BfYXRmOjMwMDcyNTMzMTYxOTMzMjo6MDo6&url=%2FiPhone-Air-TB-Thinnest-Promotion%2Fdp%2FB0FQG8WM6R%2Fref%3Dsr_1_2_sspa%3Fdib%3DeyJ2IjoiMSJ9.tZYdr2EMvWG7ucjZUrUVFh4rRcDY0kxuUElZ754q2W2sRcOOApLVASlWuz44KYxiz6MMz3YUGJMRu8SaOpVq_PZ5ZdD50BOE8qe0EgduZMrpc-I7R3OVbnKrTc4JtbzvhWTtoksOlJBAkoCfV2zcjvsGP_NeU1HfrQgtpMw7FSWqGYuXF9Gs-1IBZwrzdlvflFI8A4eBar_9QgTBHmOHhx-XUj-mG0m25kfd8BESzgQ.E5xFYqussrMGtNTlN8j1GqNxh1nYDdrjmJ-wjVe5Q-4%26dib_tag%3Dse%26keywords%3Dphones%26qid%3D1760991351%26sr%3D8-2-spons%26sp_csd%3Dd2lkZ2V0TmFtZT1zcF9hdGY%26psc%3D1&aref=m5LNQRyThq&sp_cr=ZAZ
POCO     , "POCO M7 5G, Satin Black (6GB, 128GB)"                                                                                                                                                                   ,        8489, https://www.amazon.in/POCO-Satin-Black-6GB-128GB/dp/B0F134C6R6/ref=sr_1_3?dib=eyJ2IjoiMSJ9.tZYdr2EMvWG7ucjZUrUVFh4rRcDY0kxuUElZ754q2W2sRcOOApLVASlWuz44KYxiz6MMz3YUGJMRu8SaOpVq_PZ5ZdD50BOE8qe0EgduZMrpc-I7R3OVbnKrTc4JtbzvhWTtoksOlJBAkoCfV2zcjvsGP_NeU1HfrQgtpMw7FSWqGYuXF9Gs-1IBZwrzdlvflFI8A4eBar_9QgTBHmOHhx-XUj-mG0m25kfd8BESzgQ.E5xFYqussrMGtNTlN8j1GqNxh1nYDdrjmJ-wjVe5Q-4&dib_tag=se&keywords=phones&qid=1760991351&sr=8-3
Motorola , "Motorola G45 5G (Brilliant Blue, 8GB RAM, 128GB Storage)"                                                                                                                                               ,       11622, https://www.amazon.in/Motorola-Brilliant-Blue-128GB-Storage/dp/B0DDY9HMJG/ref=sr_1_4?dib=eyJ2IjoiMSJ9.tZYdr2EMvWG7ucjZUrUVFh4rRcDY0kxuUElZ754q2W2sRcOOApLVASlWuz44KYxiz6MMz3YUGJMRu8SaOpVq_PZ5ZdD50BOE8qe0EgduZMrpc-I7R3OVbnKrTc4JtbzvhWTtoksOlJBAkoCfV2zcjvsGP_NeU1HfrQgtpMw7FSWqGYuXF9Gs-1IBZwrzdlvflFI8A4eBar_9QgTBHmOHhx-XUj-mG0m25kfd8BESzgQ.E5xFYqussrMGtNTlN8j1GqNxh1nYDdrjmJ-wjVe5Q-4&dib_tag=se&keywords=phones&qid=1760991351&sr=8-4
Samsung  , "Samsung Galaxy A55 5G (Awesome Navy, 8GB RAM, 128GB Storage) | AI | Metal Frame | 50 MP Main Camera (OIS) | Super HDR Video| Nightography | IP67 | Corning Gorilla Glass Victus+ | sAMOLED Display"     ,       23999, https://www.amazon.in/Samsung-Awesome-Storage-Nightography-Corning/dp/B0CWPDH74H/ref=sr_1_5?dib=eyJ2IjoiMSJ9.tZYdr2EMvWG7ucjZUrUVFh4rRcDY0kxuUElZ754q2W2sRcOOApLVASlWuz44KYxiz6MMz3YUGJMRu8SaOpVq_PZ5ZdD50BOE8qe0EgduZMrpc-I7R3OVbnKrTc4JtbzvhWTtoksOlJBAkoCfV2zcjvsGP_NeU1HfrQgtpMw7FSWqGYuXF9Gs-1IBZwrzdlvflFI8A4eBar_9QgTBHmOHhx-XUj-mG0m25kfd8BESzgQ.E5xFYqussrMGtNTlN8j1GqNxh1nYDdrjmJ-wjVe5Q-4&dib_tag=se&keywords=phones&qid=1760991351&sr=8-5
iQOO     , "iQOO Z10x 5G (Titanium, 8GB RAM, 128GB Storage) | 6500 mAh Large Capacity Battery | Dimensity 7300 Processor | Military-Grade Durability"                                                               ,       14498, https://www.amazon.in/iQOO-Dimensity-Processor-Military-Grade-Durability/dp/B0F2T61RZD/ref=sr_1_6?dib=eyJ2IjoiMSJ9.tZYdr2EMvWG7ucjZUrUVFh4rRcDY0kxuUElZ754q2W2sRcOOApLVASlWuz44KYxiz6MMz3YUGJMRu8SaOpVq_PZ5ZdD50BOE8qe0EgduZMrpc-I7R3OVbnKrTc4JtbzvhWTtoksOlJBAkoCfV2zcjvsGP_NeU1HfrQgtpMw7FSWqGYuXF9Gs-1IBZwrzdlvflFI8A4eBar_9QgTBHmOHhx-XUj-mG0m25kfd8BESzgQ.E5xFYqussrMGtNTlN8j1GqNxh1nYDdrjmJ-wjVe5Q-4&dib_tag=se&keywords=phones&qid=1760991351&sr=8-6
POCO     , "POCO C71, Desert Gold (6GB, 128GB)"                                                                                                                                                                     ,        6799, https://www.amazon.in/POCO-C71-Desert-Gold-128GB/dp/B0F53RRM5B/ref=sr_1_7?dib=eyJ2IjoiMSJ9.tZYdr2EMvWG7ucjZUrUVFh4rRcDY0kxuUElZ754q2W2sRcOOApLVASlWuz44KYxiz6MMz3YUGJMRu8SaOpVq_PZ5ZdD50BOE8qe0EgduZMrpc-I7R3OVbnKrTc4JtbzvhWTtoksOlJBAkoCfV2zcjvsGP_NeU1HfrQgtpMw7FSWqGYuXF9Gs-1IBZwrzdlvflFI8A4eBar_9QgTBHmOHhx-XUj-mG0m25kfd8BESzgQ.E5xFYqussrMGtNTlN8j1GqNxh1nYDdrjmJ-wjVe5Q-4&dib_tag=se&keywords=phones&qid=1760991351&sr=8-7
Nothing  , Nothing Phone (3a) Black 128GB 8GB RAM                                                                                                                                                                   ,       21900, https://www.amazon.in/Nothing-Phone-3a-Black-128GB/dp/B0DZTNWWDH/ref=sr_1_8?dib=eyJ2IjoiMSJ9.tZYdr2EMvWG7ucjZUrUVFh4rRcDY0kxuUElZ754q2W2sRcOOApLVASlWuz44KYxiz6MMz3YUGJMRu8SaOpVq_PZ5ZdD50BOE8qe0EgduZMrpc-I7R3OVbnKrTc4JtbzvhWTtoksOlJBAkoCfV2zcjvsGP_NeU1HfrQgtpMw7FSWqGYuXF9Gs-1IBZwrzdlvflFI8A4eBar_9QgTBHmOHhx-XUj-mG0m25kfd8BESzgQ.E5xFYqussrMGtNTlN8j1GqNxh1nYDdrjmJ-wjVe5Q-4&dib_tag=se&keywords=phones&qid=1760991351&sr=8-8
Nothing  , Nothing Phone (3a) 5G (8GB RAM + 128GB Storage) (White)                                                                                                                                                  ,       21396, https://www.amazon.in/Nothing-Phone-128GB-Storage-White/dp/B0DZTMFWDB/ref=sr_1_9?dib=eyJ2IjoiMSJ9.tZYdr2EMvWG7ucjZUrUVFh4rRcDY0kxuUElZ754q2W2sRcOOApLVASlWuz44KYxiz6MMz3YUGJMRu8SaOpVq_PZ5ZdD50BOE8qe0EgduZMrpc-I7R3OVbnKrTc4JtbzvhWTtoksOlJBAkoCfV2zcjvsGP_NeU1HfrQgtpMw7FSWqGYuXF9Gs-1IBZwrzdlvflFI8A4eBar_9QgTBHmOHhx-XUj-mG0m25kfd8BESzgQ.E5xFYqussrMGtNTlN8j1GqNxh1nYDdrjmJ-wjVe5Q-4&dib_tag=se&keywords=phones&qid=1760991351&sr=8-9
realme   , "realme NARZO 80 Lite 4G (Obsidian Black, 6GB+128GB) | 6300mAh Segment's Biggest Battery | 7.94mm Slim Design | 300% Ultra Volume | Pulse Light: 9 Colors, 5 Glow Modes | Ai Assist"                     ,        7198, https://www.amazon.in/realme-Obsidian-6300mAh-Segments-Biggest/dp/B0FG2PFMG2/ref=sr_1_10?dib=eyJ2IjoiMSJ9.tZYdr2EMvWG7ucjZUrUVFh4rRcDY0kxuUElZ754q2W2sRcOOApLVASlWuz44KYxiz6MMz3YUGJMRu8SaOpVq_PZ5ZdD50BOE8qe0EgduZMrpc-I7R3OVbnKrTc4JtbzvhWTtoksOlJBAkoCfV2zcjvsGP_NeU1HfrQgtpMw7FSWqGYuXF9Gs-1IBZwrzdlvflFI8A4eBar_9QgTBHmOHhx-XUj-mG0m25kfd8BESzgQ.E5xFYqussrMGtNTlN8j1GqNxh1nYDdrjmJ-wjVe5Q-4&dib_tag=se&keywords=phones&qid=1760991351&sr=8-10
Apple    , Apple iPhone 15 (256 GB) - Pink                                                                                                                                                                          ,       62499, https://www.amazon.in/sspa/click?ie=UTF8&spc=MTo2MDA3ODIzMDIwMzg2MzA1OjE3NjA5OTEzNTE6c3BfbXRmOjMwMDA1NzU5NDUzODAzMjo6MDo6&url=%2FApple-iPhone-15-256-GB%2Fdp%2FB0CHX4CRND%2Fref%3Dsr_1_11_sspa%3Fdib%3DeyJ2IjoiMSJ9.tZYdr2EMvWG7ucjZUrUVFh4rRcDY0kxuUElZ754q2W2sRcOOApLVASlWuz44KYxiz6MMz3YUGJMRu8SaOpVq_PZ5ZdD50BOE8qe0EgduZMrpc-I7R3OVbnKrTc4JtbzvhWTtoksOlJBAkoCfV2zcjvsGP_NeU1HfrQgtpMw7FSWqGYuXF9Gs-1IBZwrzdlvflFI8A4eBar_9QgTBHmOHhx-XUj-mG0m25kfd8BESzgQ.E5xFYqussrMGtNTlN8j1GqNxh1nYDdrjmJ-wjVe5Q-4%26dib_tag%3Dse%26keywords%3Dphones%26qid%3D1760991351%26sr%3D8-11-spons%26sp_csd%3Dd2lkZ2V0TmFtZT1zcF9tdGY%26psc%3D1&aref=ZScRL49mw8&sp_cr=ZAZ
iPhone   , "iPhone 17 Pro 1 TB: 15.93 cm (6.3″) Display with Promotion up to 120Hz, A19 Pro Chip, Breakthrough Battery Life, Pro Fusion Camera System with Center Stage Front Camera; Cosmic Orange"                ,      174900, https://www.amazon.in/sspa/click?ie=UTF8&spc=MTo2MDA3ODIzMDIwMzg2MzA1OjE3NjA5OTEzNTE6c3BfbXRmOjMwMDcyNTMzMTYyMTYzMjo6MDo6&url=%2FiPhone-17-Pro-Promotion-Breakthrough%2Fdp%2FB0FQG1VB5Y%2Fref%3Dsr_1_12_sspa%3Fdib%3DeyJ2IjoiMSJ9.tZYdr2EMvWG7ucjZUrUVFh4rRcDY0kxuUElZ754q2W2sRcOOApLVASlWuz44KYxiz6MMz3YUGJMRu8SaOpVq_PZ5ZdD50BOE8qe0EgduZMrpc-I7R3OVbnKrTc4JtbzvhWTtoksOlJBAkoCfV2zcjvsGP_NeU1HfrQgtpMw7FSWqGYuXF9Gs-1IBZwrzdlvflFI8A4eBar_9QgTBHmOHhx-XUj-mG0m25kfd8BESzgQ.E5xFYqussrMGtNTlN8j1GqNxh1nYDdrjmJ-wjVe5Q-4%26dib_tag%3Dse%26keywords%3Dphones%26qid%3D1760991351%26sr%3D8-12-spons%26sp_csd%3Dd2lkZ2V0TmFtZT1zcF9tdGY%26psc%3D1&aref=1nPYIhbSZO&sp_cr=ZAZ
Nokia    , "Nokia All-New 105 Single Sim Keypad Phone with Built-in UPI Payments, Long-Lasting Battery, Wireless FM Radio | Charcoal"                                                                               ,        1199, https://www.amazon.in/Nokia-Payments-Long-Lasting-Wireless-Charcoal/dp/B0C5RK3X6F/ref=sr_1_13?dib=eyJ2IjoiMSJ9.tZYdr2EMvWG7ucjZUrUVFh4rRcDY0kxuUElZ754q2W2sRcOOApLVASlWuz44KYxiz6MMz3YUGJMRu8SaOpVq_PZ5ZdD50BOE8qe0EgduZMrpc-I7R3OVbnKrTc4JtbzvhWTtoksOlJBAkoCfV2zcjvsGP_NeU1HfrQgtpMw7FSWqGYuXF9Gs-1IBZwrzdlvflFI8A4eBar_9QgTBHmOHhx-XUj-mG0m25kfd8BESzgQ.E5xFYqussrMGtNTlN8j1GqNxh1nYDdrjmJ-wjVe5Q-4&dib_tag=se&keywords=phones&qid=1760991351&sr=8-13
Samsung  , "Samsung Galaxy M36 5G (Velvet Black, 6 GB RAM, 128 GB Storage)| Circle to Search| Google Gemini| Corning Gorilla Glass Victus+| 7.7mm Slim| AI Enhanced 50 MP OIS Triple Camera| Unmatched Nightography",       13999, https://www.amazon.in/Samsung-Storage-Enhanced-Unmatched-Nightography/dp/B0FDBB2VRC/ref=sr_1_14?dib=eyJ2IjoiMSJ9.tZYdr2EMvWG7ucjZUrUVFh4rRcDY0kxuUElZ754q2W2sRcOOApLVASlWuz44KYxiz6MMz3YUGJMRu8SaOpVq_PZ5ZdD50BOE8qe0EgduZMrpc-I7R3OVbnKrTc4JtbzvhWTtoksOlJBAkoCfV2zcjvsGP_NeU1HfrQgtpMw7FSWqGYuXF9Gs-1IBZwrzdlvflFI8A4eBar_9QgTBHmOHhx-XUj-mG0m25kfd8BESzgQ.E5xFYqussrMGtNTlN8j1GqNxh1nYDdrjmJ-wjVe5Q-4&dib_tag=se&keywords=phones&qid=1760991351&sr=8-14
Nokia    , "Nokia 105 Classic | Single SIM Keypad Phone with Built-in UPI Payments, Long-Lasting Battery, Wireless FM Radio | Without Charger | Blue"                                                               ,         999, https://www.amazon.in/Nokia-Classic-Payments-Long-Lasting-Wireless/dp/B0CJMJQ1QD/ref=sr_1_15?dib=eyJ2IjoiMSJ9.tZYdr2EMvWG7ucjZUrUVFh4rRcDY0kxuUElZ754q2W2sRcOOApLVASlWuz44KYxiz6MMz3YUGJMRu8SaOpVq_PZ5ZdD50BOE8qe0EgduZMrpc-I7R3OVbnKrTc4JtbzvhWTtoksOlJBAkoCfV2zcjvsGP_NeU1HfrQgtpMw7FSWqGYuXF9Gs-1IBZwrzdlvflFI8A4eBar_9QgTBHmOHhx-XUj-mG0m25kfd8BESzgQ.E5xFYqussrMGtNTlN8j1GqNxh1nYDdrjmJ-wjVe5Q-4&dib_tag=se&keywords=phones&qid=1760991351&sr=8-15
Redmi    , "Redmi A4 5G (Sparkle Purple, 4GB RAM, 128GB Storage) | Segment Largest 6.88in 120Hz | 50MP Dual Camera | 18W Fast Charging | Charger in The Box"                                                        ,        8349, https://www.amazon.in/Redmi-Sparkle-Storage-Segment-Charging/dp/B0DLW44CGS/ref=sr_1_16?dib=eyJ2IjoiMSJ9.tZYdr2EMvWG7ucjZUrUVFh4rRcDY0kxuUElZ754q2W2sRcOOApLVASlWuz44KYxiz6MMz3YUGJMRu8SaOpVq_PZ5ZdD50BOE8qe0EgduZMrpc-I7R3OVbnKrTc4JtbzvhWTtoksOlJBAkoCfV2zcjvsGP_NeU1HfrQgtpMw7FSWqGYuXF9Gs-1IBZwrzdlvflFI8A4eBar_9QgTBHmOHhx-XUj-mG0m25kfd8BESzgQ.E5xFYqussrMGtNTlN8j1GqNxh1nYDdrjmJ-wjVe5Q-4&dib_tag=se&keywords=phones&qid=1760991351&sr=8-16
Google   , "Google Pixel 9A (Obsidian, 256 GB) (8 GB RAM)"                                                                                                                                                          ,       41700, https://www.amazon.in/Google-Pixel-Obsidian-256-RAM/dp/B0F6CY1S9Z/ref=sr_1_17?dib=eyJ2IjoiMSJ9.tZYdr2EMvWG7ucjZUrUVFh4rRcDY0kxuUElZ754q2W2sRcOOApLVASlWuz44KYxiz6MMz3YUGJMRu8SaOpVq_PZ5ZdD50BOE8qe0EgduZMrpc-I7R3OVbnKrTc4JtbzvhWTtoksOlJBAkoCfV2zcjvsGP_NeU1HfrQgtpMw7FSWqGYuXF9Gs-1IBZwrzdlvflFI8A4eBar_9QgTBHmOHhx-XUj-mG0m25kfd8BESzgQ.E5xFYqussrMGtNTlN8j1GqNxh1nYDdrjmJ-wjVe5Q-4&dib_tag=se&keywords=phones&qid=1760991351&sr=8-17
Motorola , "Motorola G45 5G (Viva Magenta, 8GB RAM, 128GB Storage)"                                                                                                                                                 ,       12200, https://www.amazon.in/Motorola-Viva-Magenta-128GB-Storage/dp/B0DDY9XDJS/ref=sr_1_18?dib=eyJ2IjoiMSJ9.tZYdr2EMvWG7ucjZUrUVFh4rRcDY0kxuUElZ754q2W2sRcOOApLVASlWuz44KYxiz6MMz3YUGJMRu8SaOpVq_PZ5ZdD50BOE8qe0EgduZMrpc-I7R3OVbnKrTc4JtbzvhWTtoksOlJBAkoCfV2zcjvsGP_NeU1HfrQgtpMw7FSWqGYuXF9Gs-1IBZwrzdlvflFI8A4eBar_9QgTBHmOHhx-XUj-mG0m25kfd8BESzgQ.E5xFYqussrMGtNTlN8j1GqNxh1nYDdrjmJ-wjVe5Q-4&dib_tag=se&keywords=phones&qid=1760991351&sr=8-18
realme   , "realme NARZO 80 Lite 5G (Crystal Purple, 6GB+128GB) | 6000mAh Long-Lasting Battery | MediaTek Dimensity 6300 5G | AI Assist | IP64 Rated Water & Dust Resistance | Military-Grade Durability"           ,        9798, https://www.amazon.in/realme-Long-Lasting-Resistance-Military-Grade-Durability/dp/B0F9TT7Z5Q/ref=sr_1_19?dib=eyJ2IjoiMSJ9.tZYdr2EMvWG7ucjZUrUVFh4rRcDY0kxuUElZ754q2W2sRcOOApLVASlWuz44KYxiz6MMz3YUGJMRu8SaOpVq_PZ5ZdD50BOE8qe0EgduZMrpc-I7R3OVbnKrTc4JtbzvhWTtoksOlJBAkoCfV2zcjvsGP_NeU1HfrQgtpMw7FSWqGYuXF9Gs-1IBZwrzdlvflFI8A4eBar_9QgTBHmOHhx-XUj-mG0m25kfd8BESzgQ.E5xFYqussrMGtNTlN8j1GqNxh1nYDdrjmJ-wjVe5Q-4&dib_tag=se&keywords=phones&qid=1760991351&sr=8-19
Nothing  , Nothing Phone (3a) Black 256GB 8GB RAM                                                                                                                                                                   ,       24990, https://www.amazon.in/Nothing-Phone-Black-256GB-8GB/dp/B0DZNP6L5B/ref=sr_1_20?dib=eyJ2IjoiMSJ9.tZYdr2EMvWG7ucjZUrUVFh4rRcDY0kxuUElZ754q2W2sRcOOApLVASlWuz44KYxiz6MMz3YUGJMRu8SaOpVq_PZ5ZdD50BOE8qe0EgduZMrpc-I7R3OVbnKrTc4JtbzvhWTtoksOlJBAkoCfV2zcjvsGP_NeU1HfrQgtpMw7FSWqGYuXF9Gs-1IBZwrzdlvflFI8A4eBar_9QgTBHmOHhx-XUj-mG0m25kfd8BESzgQ.E5xFYqussrMGtNTlN8j1GqNxh1nYDdrjmJ-wjVe5Q-4&dib_tag=se&keywords=phones&qid=1760991351&sr=8-20
iPhone   , "iPhone 16 128 GB: 5G Mobile Phone with Camera Control, A18 Chip and a Big Boost in Battery Life. Works with AirPods; Pink"                                                                              ,       66900, https://www.amazon.in/sspa/click?ie=UTF8&spc=MTo2MDA3ODIzMDIwMzg2MzA1OjE3NjA5OTEzNTE6c3BfYnRmOjMwMDM1MTQ4MTk4MDgzMjo6MDo6&url=%2FiPhone-16-128-GB-Control%2Fdp%2FB0DGJ8YZDF%2Fref%3Dsr_1_21_sspa%3Fdib%3DeyJ2IjoiMSJ9.tZYdr2EMvWG7ucjZUrUVFh4rRcDY0kxuUElZ754q2W2sRcOOApLVASlWuz44KYxiz6MMz3YUGJMRu8SaOpVq_PZ5ZdD50BOE8qe0EgduZMrpc-I7R3OVbnKrTc4JtbzvhWTtoksOlJBAkoCfV2zcjvsGP_NeU1HfrQgtpMw7FSWqGYuXF9Gs-1IBZwrzdlvflFI8A4eBar_9QgTBHmOHhx-XUj-mG0m25kfd8BESzgQ.E5xFYqussrMGtNTlN8j1GqNxh1nYDdrjmJ-wjVe5Q-4%26dib_tag%3Dse%26keywords%3Dphones%26qid%3D1760991351%26sr%3D8-21-spons%26sp_csd%3Dd2lkZ2V0TmFtZT1zcF9idGY%26psc%3D1&aref=OMUz326L4z&sp_cr=ZAZ
Samsung  , "Samsung Galaxy M17 5G (Sapphire Black, 4GB RAM, 128GB Storage)| Circle to Search| Gemini Live| 50MP OIS Triple Camera| IP54 Rating| Gorilla Glass Victus| AI| 6 Gen of OS Upgrades| Without Charger"    ,       12999, https://www.amazon.in/sspa/click?ie=UTF8&spc=MTo2MDA3ODIzMDIwMzg2MzA1OjE3NjA5OTEzNTE6c3BfYnRmOjMwMDc3NTAyNDc1MTUzMjo6MDo6&url=%2FSamsung-Sapphire-Storage-Gorilla-Upgrades%2Fdp%2FB0FN7RN9TH%2Fref%3Dsr_1_22_sspa%3Fdib%3DeyJ2IjoiMSJ9.tZYdr2EMvWG7ucjZUrUVFh4rRcDY0kxuUElZ754q2W2sRcOOApLVASlWuz44KYxiz6MMz3YUGJMRu8SaOpVq_PZ5ZdD50BOE8qe0EgduZMrpc-I7R3OVbnKrTc4JtbzvhWTtoksOlJBAkoCfV2zcjvsGP_NeU1HfrQgtpMw7FSWqGYuXF9Gs-1IBZwrzdlvflFI8A4eBar_9QgTBHmOHhx-XUj-mG0m25kfd8BESzgQ.E5xFYqussrMGtNTlN8j1GqNxh1nYDdrjmJ-wjVe5Q-4%26dib_tag%3Dse%26keywords%3Dphones%26qid%3D1760991351%26sr%3D8-22-spons%26sp_csd%3Dd2lkZ2V0TmFtZT1zcF9idGY%26psc%3D1&aref=yEvxfknIZo&sp_cr=ZAZ
Apple    , Apple iPhone 15 (256 GB) - Pink                                                                                                                                                                          ,       62499, https://www.amazon.in/sspa/click?ie=UTF8&spc=MTozODU3MjI1MzY3MDQ3NTkyOjE3NjA5OTEzNzI6c3BfYXRmX25leHQ6MzAwMDU3NTk0NTM4MDMyOjowOjo&url=%2FApple-iPhone-15-256-GB%2Fdp%2FB0CHX4CRND%2Fref%3Dsr_1_17_sspa%3Fdib%3DeyJ2IjoiMSJ9.P00Rr3YQIyy8meOnnjMhiziDBhpoa3_G7PnRPC0qt92aye-m8y5CHkKQa9G6y93gMm-voXhbdhJF3gh2-C7BwMHQxp2qSMb3ozJ3di4DAU-QXSGCoZZVgd14_lw0MiazND5Lejqoi33bNoz2s0docFq1QWSEOWkbokJp22aWUKcZqK7p9_rV2tIK1oCLoJup3sVjf9uel47xpgbNPG-28TJWP_7V6b-ZnH9Ha-ZCUfY.c0fIvxv45wI4dg_Mu6al9LXpAOM69wKWEmHTtmsdiD0%26dib_tag%3Dse%26keywords%3Dphones%26qid%3D1760991372%26sr%3D8-17-spons%26sp_csd%3Dd2lkZ2V0TmFtZT1zcF9hdGZfbmV4dA%26psc%3D1&aref=ZScRL49mw8&sp_cr=ZAZ
iPhone   , "iPhone 17 Pro 1 TB: 15.93 cm (6.3″) Display with Promotion up to 120Hz, A19 Pro Chip, Breakthrough Battery Life, Pro Fusion Camera System with Center Stage Front Camera; Cosmic Orange"                ,      174900, https://www.amazon.in/sspa/click?ie=UTF8&spc=MTozODU3MjI1MzY3MDQ3NTkyOjE3NjA5OTEzNzI6c3BfYXRmX25leHQ6MzAwNzI1MzMxNjIxNjMyOjowOjo&url=%2FiPhone-17-Pro-Promotion-Breakthrough%2Fdp%2FB0FQG1VB5Y%2Fref%3Dsr_1_18_sspa%3Fdib%3DeyJ2IjoiMSJ9.P00Rr3YQIyy8meOnnjMhiziDBhpoa3_G7PnRPC0qt92aye-m8y5CHkKQa9G6y93gMm-voXhbdhJF3gh2-C7BwMHQxp2qSMb3ozJ3di4DAU-QXSGCoZZVgd14_lw0MiazND5Lejqoi33bNoz2s0docFq1QWSEOWkbokJp22aWUKcZqK7p9_rV2tIK1oCLoJup3sVjf9uel47xpgbNPG-28TJWP_7V6b-ZnH9Ha-ZCUfY.c0fIvxv45wI4dg_Mu6al9LXpAOM69wKWEmHTtmsdiD0%26dib_tag%3Dse%26keywords%3Dphones%26qid%3D1760991372%26sr%3D8-18-spons%26sp_csd%3Dd2lkZ2V0TmFtZT1zcF9hdGZfbmV4dA%26psc%3D1&aref=1nPYIhbSZO&sp_cr=ZAZ
CMF      , CMF BY NOTHING Phone 2 Pro 5G (Black 128 GB 8 GB RAM)                                                                                                                                                    ,       17470, https://www.amazon.in/CMF-Phone-Black-128GB-8GBRAM/dp/B0F77P8Q6V/ref=sr_1_19?dib=eyJ2IjoiMSJ9.P00Rr3YQIyy8meOnnjMhiziDBhpoa3_G7PnRPC0qt92aye-m8y5CHkKQa9G6y93gMm-voXhbdhJF3gh2-C7BwMHQxp2qSMb3ozJ3di4DAU-QXSGCoZZVgd14_lw0MiazND5Lejqoi33bNoz2s0docFq1QWSEOWkbokJp22aWUKcZqK7p9_rV2tIK1oCLoJup3sVjf9uel47xpgbNPG-28TJWP_7V6b-ZnH9Ha-ZCUfY.c0fIvxv45wI4dg_Mu6al9LXpAOM69wKWEmHTtmsdiD0&dib_tag=se&keywords=phones&qid=1760991372&sr=8-19
Nokia    , "Nokia 2660 Flip 4G Volte keypad Phone with Dual SIM, Dual Screen, inbuilt MP3 Player & Wireless FM Radio | Black"                                                                                       ,        4499, https://www.amazon.in/Nokia-2660-keypad-inbuilt-Wireless/dp/B0B9YK24TF/ref=sr_1_20?dib=eyJ2IjoiMSJ9.P00Rr3YQIyy8meOnnjMhiziDBhpoa3_G7PnRPC0qt92aye-m8y5CHkKQa9G6y93gMm-voXhbdhJF3gh2-C7BwMHQxp2qSMb3ozJ3di4DAU-QXSGCoZZVgd14_lw0MiazND5Lejqoi33bNoz2s0docFq1QWSEOWkbokJp22aWUKcZqK7p9_rV2tIK1oCLoJup3sVjf9uel47xpgbNPG-28TJWP_7V6b-ZnH9Ha-ZCUfY.c0fIvxv45wI4dg_Mu6al9LXpAOM69wKWEmHTtmsdiD0&dib_tag=se&keywords=phones&qid=1760991372&sr=8-20
Samsung  , "Samsung Galaxy F05 (Twilight Blue, 64 GB) (4 GB RAM)"                                                                                                                                                   ,        6799, https://www.amazon.in/Samsung-Galaxy-Twilight-Blue-64/dp/B0DJC2L66N/ref=sr_1_21?dib=eyJ2IjoiMSJ9.P00Rr3YQIyy8meOnnjMhiziDBhpoa3_G7PnRPC0qt92aye-m8y5CHkKQa9G6y93gMm-voXhbdhJF3gh2-C7BwMHQxp2qSMb3ozJ3di4DAU-QXSGCoZZVgd14_lw0MiazND5Lejqoi33bNoz2s0docFq1QWSEOWkbokJp22aWUKcZqK7p9_rV2tIK1oCLoJup3sVjf9uel47xpgbNPG-28TJWP_7V6b-ZnH9Ha-ZCUfY.c0fIvxv45wI4dg_Mu6al9LXpAOM69wKWEmHTtmsdiD0&dib_tag=se&keywords=phones&qid=1760991372&sr=8-21
CMF      , "CMF Phone 2 Pro 5G (White, 8GB RAM, 128GB Storage)"                                                                                                                                                     ,       17189, https://www.amazon.in/CMF-Phone-White-128GB-Storage/dp/B0F788N3LJ/ref=sr_1_22?dib=eyJ2IjoiMSJ9.P00Rr3YQIyy8meOnnjMhiziDBhpoa3_G7PnRPC0qt92aye-m8y5CHkKQa9G6y93gMm-voXhbdhJF3gh2-C7BwMHQxp2qSMb3ozJ3di4DAU-QXSGCoZZVgd14_lw0MiazND5Lejqoi33bNoz2s0docFq1QWSEOWkbokJp22aWUKcZqK7p9_rV2tIK1oCLoJup3sVjf9uel47xpgbNPG-28TJWP_7V6b-ZnH9Ha-ZCUfY.c0fIvxv45wI4dg_Mu6al9LXpAOM69wKWEmHTtmsdiD0&dib_tag=se&keywords=phones&qid=1760991372&sr=8-22
iQOO     , "iQOO Z10 5G (Stellar Black, 8GB RAM, 128GB Storage) | India's Biggest Ever 7300 mAh Battery | Snapdragon 7s Gen 3 Processor | Brightest Quad Curved AMOLED Display in The Segment"                      ,       20998, https://www.amazon.in/iQOO-Stellar-Snapdragon-Processor-Brightest/dp/B0F2HBYZ8B/ref=sr_1_23?dib=eyJ2IjoiMSJ9.P00Rr3YQIyy8meOnnjMhiziDBhpoa3_G7PnRPC0qt92aye-m8y5CHkKQa9G6y93gMm-voXhbdhJF3gh2-C7BwMHQxp2qSMb3ozJ3di4DAU-QXSGCoZZVgd14_lw0MiazND5Lejqoi33bNoz2s0docFq1QWSEOWkbokJp22aWUKcZqK7p9_rV2tIK1oCLoJup3sVjf9uel47xpgbNPG-28TJWP_7V6b-ZnH9Ha-ZCUfY.c0fIvxv45wI4dg_Mu6al9LXpAOM69wKWEmHTtmsdiD0&dib_tag=se&keywords=phones&qid=1760991372&sr=8-23
Redmi    , "Redmi A4 5G (Starry Black, 4GB RAM, 64GB Storage) | Segment Largest 6.88in 120Hz | 50MP Dual Camera | 18W Fast Charging | Charger in The Box"                                                           ,        7499, https://www.amazon.in/Redmi-Storage-Segment-Largest-Charging/dp/B0DLW1L5PR/ref=sr_1_24?dib=eyJ2IjoiMSJ9.P00Rr3YQIyy8meOnnjMhiziDBhpoa3_G7PnRPC0qt92aye-m8y5CHkKQa9G6y93gMm-voXhbdhJF3gh2-C7BwMHQxp2qSMb3ozJ3di4DAU-QXSGCoZZVgd14_lw0MiazND5Lejqoi33bNoz2s0docFq1QWSEOWkbokJp22aWUKcZqK7p9_rV2tIK1oCLoJup3sVjf9uel47xpgbNPG-28TJWP_7V6b-ZnH9Ha-ZCUfY.c0fIvxv45wI4dg_Mu6al9LXpAOM69wKWEmHTtmsdiD0&dib_tag=se&keywords=phones&qid=1760991372&sr=8-24
realme   , "realme NARZO 80 Lite 4G (Obsidian Black, 4GB+64GB) | 6300mAh Segment's Biggest Battery | 7.94mm Slim Design | 300% Ultra Volume | Pulse Light: 9 Colors, 5 Glow Modes | Ai Assist"                      ,        6298, https://www.amazon.in/realme-Obsidian-6300mAh-Segments-Biggest/dp/B0FG2LPC6K/ref=sr_1_25?dib=eyJ2IjoiMSJ9.P00Rr3YQIyy8meOnnjMhiziDBhpoa3_G7PnRPC0qt92aye-m8y5CHkKQa9G6y93gMm-voXhbdhJF3gh2-C7BwMHQxp2qSMb3ozJ3di4DAU-QXSGCoZZVgd14_lw0MiazND5Lejqoi33bNoz2s0docFq1QWSEOWkbokJp22aWUKcZqK7p9_rV2tIK1oCLoJup3sVjf9uel47xpgbNPG-28TJWP_7V6b-ZnH9Ha-ZCUfY.c0fIvxv45wI4dg_Mu6al9LXpAOM69wKWEmHTtmsdiD0&dib_tag=se&keywords=phones&qid=1760991372&sr=8-25
realme   , "realme NARZO 80 Lite 4G (Beach Gold, 4GB+64GB) | 6300mAh Segment's Biggest Battery | 7.94mm Slim Design | 300% Ultra Volume | Pulse Light: 9 Colors, 5 Glow Modes | Ai Assist"                          ,        6298, https://www.amazon.in/realme-6300mAh-Segments-Biggest-Battery/dp/B0FG2NBVBN/ref=sr_1_26?dib=eyJ2IjoiMSJ9.P00Rr3YQIyy8meOnnjMhiziDBhpoa3_G7PnRPC0qt92aye-m8y5CHkKQa9G6y93gMm-voXhbdhJF3gh2-C7BwMHQxp2qSMb3ozJ3di4DAU-QXSGCoZZVgd14_lw0MiazND5Lejqoi33bNoz2s0docFq1QWSEOWkbokJp22aWUKcZqK7p9_rV2tIK1oCLoJup3sVjf9uel47xpgbNPG-28TJWP_7V6b-ZnH9Ha-ZCUfY.c0fIvxv45wI4dg_Mu6al9LXpAOM69wKWEmHTtmsdiD0&dib_tag=se&keywords=phones&qid=1760991372&sr=8-26
iPhone   , "iPhone Air 1 TB: Thinnest iPhone Ever, 16.63 cm (6.5″) Display with Promotion up to 120Hz, Powerful A19 Pro Chip, Center Stage Front Camera, All-Day Battery Life; Sky Blue"                            ,      159900, https://www.amazon.in/sspa/click?ie=UTF8&spc=MTozODU3MjI1MzY3MDQ3NTkyOjE3NjA5OTEzNzI6c3BfbXRmOjMwMDcyNTMzMTYxOTYzMjo6MDo6&url=%2FiPhone-Air-TB-Thinnest-Promotion%2Fdp%2FB0FQG1TPG9%2Fref%3Dsr_1_27_sspa%3Fdib%3DeyJ2IjoiMSJ9.P00Rr3YQIyy8meOnnjMhiziDBhpoa3_G7PnRPC0qt92aye-m8y5CHkKQa9G6y93gMm-voXhbdhJF3gh2-C7BwMHQxp2qSMb3ozJ3di4DAU-QXSGCoZZVgd14_lw0MiazND5Lejqoi33bNoz2s0docFq1QWSEOWkbokJp22aWUKcZqK7p9_rV2tIK1oCLoJup3sVjf9uel47xpgbNPG-28TJWP_7V6b-ZnH9Ha-ZCUfY.c0fIvxv45wI4dg_Mu6al9LXpAOM69wKWEmHTtmsdiD0%26dib_tag%3Dse%26keywords%3Dphones%26qid%3D1760991372%26sr%3D8-27-spons%26sp_csd%3Dd2lkZ2V0TmFtZT1zcF9tdGY%26psc%3D1&aref=NHJOWigzBp&sp_cr=ZAZ
iPhone   , "iPhone 16 128 GB: 5G Mobile Phone with Camera Control, A18 Chip and a Big Boost in Battery Life. Works with AirPods; Pink"                                                                              ,       66900, https://www.amazon.in/sspa/click?ie=UTF8&spc=MTozODU3MjI1MzY3MDQ3NTkyOjE3NjA5OTEzNzI6c3BfbXRmOjMwMDM1MTQ4MTk4MDgzMjo6MDo6&url=%2FiPhone-16-128-GB-Control%2Fdp%2FB0DGJ8YZDF%2Fref%3Dsr_1_28_sspa%3Fdib%3DeyJ2IjoiMSJ9.P00Rr3YQIyy8meOnnjMhiziDBhpoa3_G7PnRPC0qt92aye-m8y5CHkKQa9G6y93gMm-voXhbdhJF3gh2-C7BwMHQxp2qSMb3ozJ3di4DAU-QXSGCoZZVgd14_lw0MiazND5Lejqoi33bNoz2s0docFq1QWSEOWkbokJp22aWUKcZqK7p9_rV2tIK1oCLoJup3sVjf9uel47xpgbNPG-28TJWP_7V6b-ZnH9Ha-ZCUfY.c0fIvxv45wI4dg_Mu6al9LXpAOM69wKWEmHTtmsdiD0%26dib_tag%3Dse%26keywords%3Dphones%26qid%3D1760991372%26sr%3D8-28-spons%26sp_csd%3Dd2lkZ2V0TmFtZT1zcF9tdGY%26psc%3D1&aref=OMUz326L4z&sp_cr=ZAZ
Redmi    , "Redmi 13 5G Prime Edition, Orchid Pink, 8GB+128GB | India Debut SD 4 Gen 2 AE | 108MP Pro Grade Camera | 6.79in Largest Display in Segment"                                                             ,       10999, https://www.amazon.in/Redmi-Orchid-Largest-Display-Segment/dp/B0D78X5CMJ/ref=sr_1_29?dib=eyJ2IjoiMSJ9.P00Rr3YQIyy8meOnnjMhiziDBhpoa3_G7PnRPC0qt92aye-m8y5CHkKQa9G6y93gMm-voXhbdhJF3gh2-C7BwMHQxp2qSMb3ozJ3di4DAU-QXSGCoZZVgd14_lw0MiazND5Lejqoi33bNoz2s0docFq1QWSEOWkbokJp22aWUKcZqK7p9_rV2tIK1oCLoJup3sVjf9uel47xpgbNPG-28TJWP_7V6b-ZnH9Ha-ZCUfY.c0fIvxv45wI4dg_Mu6al9LXpAOM69wKWEmHTtmsdiD0&dib_tag=se&keywords=phones&qid=1760991372&sr=8-29
Nothing  , "Nothing Phone (3A) 5G (White, 8GB RAM, 256GB Storage)"                                                                                                                                                  ,       24478, https://www.amazon.in/Nothing-Phone-White-256GB-Storage/dp/B0DZNP1MN3/ref=sr_1_30?dib=eyJ2IjoiMSJ9.P00Rr3YQIyy8meOnnjMhiziDBhpoa3_G7PnRPC0qt92aye-m8y5CHkKQa9G6y93gMm-voXhbdhJF3gh2-C7BwMHQxp2qSMb3ozJ3di4DAU-QXSGCoZZVgd14_lw0MiazND5Lejqoi33bNoz2s0docFq1QWSEOWkbokJp22aWUKcZqK7p9_rV2tIK1oCLoJup3sVjf9uel47xpgbNPG-28TJWP_7V6b-ZnH9Ha-ZCUfY.c0fIvxv45wI4dg_Mu6al9LXpAOM69wKWEmHTtmsdiD0&dib_tag=se&keywords=phones&qid=1760991372&sr=8-30
Samsung  , "Samsung Galaxy S24 FE 5G AI Smartphone (Graphite, 8GB RAM, 128GB Storage)"                                                                                                                              ,       29999, https://www.amazon.in/Samsung-Galaxy-Smartphone-Graphite-Storage/dp/B0DHL7YT5S/ref=sr_1_31?dib=eyJ2IjoiMSJ9.P00Rr3YQIyy8meOnnjMhiziDBhpoa3_G7PnRPC0qt92aye-m8y5CHkKQa9G6y93gMm-voXhbdhJF3gh2-C7BwMHQxp2qSMb3ozJ3di4DAU-QXSGCoZZVgd14_lw0MiazND5Lejqoi33bNoz2s0docFq1QWSEOWkbokJp22aWUKcZqK7p9_rV2tIK1oCLoJup3sVjf9uel47xpgbNPG-28TJWP_7V6b-ZnH9Ha-ZCUfY.c0fIvxv45wI4dg_Mu6al9LXpAOM69wKWEmHTtmsdiD0&dib_tag=se&keywords=phones&qid=1760991372&sr=8-31
JioPhone , "JioPhone Prima 2 4G Keypad Phone with Premium Design, YouTube, JioTV, JioHotstar, JioSaavn, JioPay(UPI), Video Calling, LED Torch, Digital Cameras | Luxe Blue | Locked for JioNetwork"                 ,        2799, https://www.amazon.in/JioPhone-Premium-JioCinema-JioSaavn-JioNetwork/dp/B0DC71Y7ML/ref=sr_1_32?dib=eyJ2IjoiMSJ9.P00Rr3YQIyy8meOnnjMhiziDBhpoa3_G7PnRPC0qt92aye-m8y5CHkKQa9G6y93gMm-voXhbdhJF3gh2-C7BwMHQxp2qSMb3ozJ3di4DAU-QXSGCoZZVgd14_lw0MiazND5Lejqoi33bNoz2s0docFq1QWSEOWkbokJp22aWUKcZqK7p9_rV2tIK1oCLoJup3sVjf9uel47xpgbNPG-28TJWP_7V6b-ZnH9Ha-ZCUfY.c0fIvxv45wI4dg_Mu6al9LXpAOM69wKWEmHTtmsdiD0&dib_tag=se&keywords=phones&qid=1760991372&sr=8-32
Redmi    , "Redmi 13 5G Prime Edition, Black Diamond, 8GB+128GB | India Debut SD 4 Gen 2 AE | 108MP Pro Grade Camera | 6.79in Largest Display in Segment"                                                           ,       10999, https://www.amazon.in/Redmi-Diamond-Largest-Display-Segment/dp/B0D78Y577J/ref=sr_1_33?dib=eyJ2IjoiMSJ9.P00Rr3YQIyy8meOnnjMhiziDBhpoa3_G7PnRPC0qt92aye-m8y5CHkKQa9G6y93gMm-voXhbdhJF3gh2-C7BwMHQxp2qSMb3ozJ3di4DAU-QXSGCoZZVgd14_lw0MiazND5Lejqoi33bNoz2s0docFq1QWSEOWkbokJp22aWUKcZqK7p9_rV2tIK1oCLoJup3sVjf9uel47xpgbNPG-28TJWP_7V6b-ZnH9Ha-ZCUfY.c0fIvxv45wI4dg_Mu6al9LXpAOM69wKWEmHTtmsdiD0&dib_tag=se&keywords=phones&qid=1760991372&sr=8-33
Nothing  , "Nothing Phone (3a) Pro 5G (Grey, 12GB RAM + 256GB Storage)"                                                                                                                                             ,       31499, https://www.amazon.in/Nothing-Phone-Grey-256GB-Storage/dp/B0DZTQ1XH1/ref=sr_1_34?dib=eyJ2IjoiMSJ9.P00Rr3YQIyy8meOnnjMhiziDBhpoa3_G7PnRPC0qt92aye-m8y5CHkKQa9G6y93gMm-voXhbdhJF3gh2-C7BwMHQxp2qSMb3ozJ3di4DAU-QXSGCoZZVgd14_lw0MiazND5Lejqoi33bNoz2s0docFq1QWSEOWkbokJp22aWUKcZqK7p9_rV2tIK1oCLoJup3sVjf9uel47xpgbNPG-28TJWP_7V6b-ZnH9Ha-ZCUfY.c0fIvxv45wI4dg_Mu6al9LXpAOM69wKWEmHTtmsdiD0&dib_tag=se&keywords=phones&qid=1760991372&sr=8-34
Beetel   , "Beetel G10 Newly Launched, Corded Landline Phone, Ringer LED Indication, Desk and Wall Mountable, 3 Step Ringer Volume Control, Tone/Puls/Flash/Pause/Redial, TEC Certified (G10 Black)"                ,         611, https://www.amazon.in/Beetel-G10-Indication-Mountable-Certified/dp/B0CP3TKZZH/ref=sr_1_35?dib=eyJ2IjoiMSJ9.P00Rr3YQIyy8meOnnjMhiziDBhpoa3_G7PnRPC0qt92aye-m8y5CHkKQa9G6y93gMm-voXhbdhJF3gh2-C7BwMHQxp2qSMb3ozJ3di4DAU-QXSGCoZZVgd14_lw0MiazND5Lejqoi33bNoz2s0docFq1QWSEOWkbokJp22aWUKcZqK7p9_rV2tIK1oCLoJup3sVjf9uel47xpgbNPG-28TJWP_7V6b-ZnH9Ha-ZCUfY.c0fIvxv45wI4dg_Mu6al9LXpAOM69wKWEmHTtmsdiD0&dib_tag=se&keywords=phones&qid=1760991372&sr=8-35
VIVO     , "VIVO T4x (Pronto Purple, 8GB, 128GB)"                                                                                                                                                                   ,       14499, https://www.amazon.in/VIVO-T4x-Pronto-Purple-128GB/dp/B0F193CRS5/ref=sr_1_36?dib=eyJ2IjoiMSJ9.P00Rr3YQIyy8meOnnjMhiziDBhpoa3_G7PnRPC0qt92aye-m8y5CHkKQa9G6y93gMm-voXhbdhJF3gh2-C7BwMHQxp2qSMb3ozJ3di4DAU-QXSGCoZZVgd14_lw0MiazND5Lejqoi33bNoz2s0docFq1QWSEOWkbokJp22aWUKcZqK7p9_rV2tIK1oCLoJup3sVjf9uel47xpgbNPG-28TJWP_7V6b-ZnH9Ha-ZCUfY.c0fIvxv45wI4dg_Mu6al9LXpAOM69wKWEmHTtmsdiD0&dib_tag=se&keywords=phones&qid=1760991372&sr=8-36
Realme   , Realme C71 Sea Blue 4GB 64GB                                                                                                                                                                             ,        7199, https://www.amazon.in/sspa/click?ie=UTF8&spc=MTozODU3MjI1MzY3MDQ3NTkyOjE3NjA5OTEzNzI6c3BfYnRmOjMwMDc2MjQzOTU4ODMzMjo6MDo6&url=%2Frealme-RMX5313-C71%2Fdp%2FB0FNYPNYZW%2Fref%3Dsr_1_37_sspa%3Fdib%3DeyJ2IjoiMSJ9.P00Rr3YQIyy8meOnnjMhiziDBhpoa3_G7PnRPC0qt92aye-m8y5CHkKQa9G6y93gMm-voXhbdhJF3gh2-C7BwMHQxp2qSMb3ozJ3di4DAU-QXSGCoZZVgd14_lw0MiazND5Lejqoi33bNoz2s0docFq1QWSEOWkbokJp22aWUKcZqK7p9_rV2tIK1oCLoJup3sVjf9uel47xpgbNPG-28TJWP_7V6b-ZnH9Ha-ZCUfY.c0fIvxv45wI4dg_Mu6al9LXpAOM69wKWEmHTtmsdiD0%26dib_tag%3Dse%26keywords%3Dphones%26qid%3D1760991372%26sr%3D8-37-spons%26sp_csd%3Dd2lkZ2V0TmFtZT1zcF9idGY%26psc%3D1&aref=Vf1rfj8SWu&sp_cr=ZAZ
Samsung  , "Samsung Galaxy M17 5G (Sapphire Black, 6GB RAM, 128GB Storage)| Circle to Search| Gemini Live| 50MP OIS Triple Camera| IP54 Rating| Gorilla Glass Victus| AI| 6 Gen of OS Upgrades| Without Charger"    ,       14249, https://www.amazon.in/sspa/click?ie=UTF8&spc=MTozODU3MjI1MzY3MDQ3NTkyOjE3NjA5OTEzNzI6c3BfYnRmOjMwMDc3NTAyNDc1MTYzMjo6MDo6&url=%2FSamsung-Sapphire-Storage-Gorilla-Upgrades%2Fdp%2FB0FN7WCV5Y%2Fref%3Dsr_1_38_sspa%3Fdib%3DeyJ2IjoiMSJ9.P00Rr3YQIyy8meOnnjMhiziDBhpoa3_G7PnRPC0qt92aye-m8y5CHkKQa9G6y93gMm-voXhbdhJF3gh2-C7BwMHQxp2qSMb3ozJ3di4DAU-QXSGCoZZVgd14_lw0MiazND5Lejqoi33bNoz2s0docFq1QWSEOWkbokJp22aWUKcZqK7p9_rV2tIK1oCLoJup3sVjf9uel47xpgbNPG-28TJWP_7V6b-ZnH9Ha-ZCUfY.c0fIvxv45wI4dg_Mu6al9LXpAOM69wKWEmHTtmsdiD0%26dib_tag%3Dse%26keywords%3Dphones%26qid%3D1760991372%26sr%3D8-38-spons%26sp_csd%3Dd2lkZ2V0TmFtZT1zcF9idGY%26psc%3D1&aref=XGYGwD1Jad&sp_cr=ZAZ
Apple    , Apple iPhone 15 (256 GB) - Pink                                                                                                                                                                          ,       62499, https://www.amazon.in/sspa/click?ie=UTF8&spc=MTo3MjMxMjI4NDkxMjA4Mjk2OjE3NjA5OTEzODg6c3BfYXRmX25leHQ6MzAwMDU3NTk0NTM4MDMyOjowOjo&url=%2FApple-iPhone-15-256-GB%2Fdp%2FB0CHX4CRND%2Fref%3Dsr_1_33_sspa%3Fdib%3DeyJ2IjoiMSJ9.ygAx69H9KT13WKUScsVnPzpuOKQh8Yo-zO6Ij2pms1VHVeEoD-pnjbxCtS09i9JQ-oznEcZUSiub6-eVpjsI8IrI3mtt7Oh4tQ-NqVPSVRRueqKmlH0bNRGIX9Fz-4edgQiPp0TKDY04Gj3OQJ65jWB47oy3I7_oMfGrYy3mftv-Pmfnq1geP1XrfI5n8ChgMwJhUYWOVSVJ_JMH8mBDp-LnNuQhJHxfgBXLz8ichm8.cX1BIUo5Uz0yw_j00Nk9jC56BXRF3L121N8m8t5_Xy0%26dib_tag%3Dse%26keywords%3Dphones%26qid%3D1760991388%26sr%3D8-33-spons%26sp_csd%3Dd2lkZ2V0TmFtZT1zcF9hdGZfbmV4dA%26psc%3D1&aref=ZScRL49mw8&sp_cr=ZAZ
iPhone   , "iPhone 17 Pro 1 TB: 15.93 cm (6.3″) Display with Promotion up to 120Hz, A19 Pro Chip, Breakthrough Battery Life, Pro Fusion Camera System with Center Stage Front Camera; Cosmic Orange"                ,      174900, https://www.amazon.in/sspa/click?ie=UTF8&spc=MTo3MjMxMjI4NDkxMjA4Mjk2OjE3NjA5OTEzODg6c3BfYXRmX25leHQ6MzAwNzI1MzMxNjIxNjMyOjowOjo&url=%2FiPhone-17-Pro-Promotion-Breakthrough%2Fdp%2FB0FQG1VB5Y%2Fref%3Dsr_1_34_sspa%3Fdib%3DeyJ2IjoiMSJ9.ygAx69H9KT13WKUScsVnPzpuOKQh8Yo-zO6Ij2pms1VHVeEoD-pnjbxCtS09i9JQ-oznEcZUSiub6-eVpjsI8IrI3mtt7Oh4tQ-NqVPSVRRueqKmlH0bNRGIX9Fz-4edgQiPp0TKDY04Gj3OQJ65jWB47oy3I7_oMfGrYy3mftv-Pmfnq1geP1XrfI5n8ChgMwJhUYWOVSVJ_JMH8mBDp-LnNuQhJHxfgBXLz8ichm8.cX1BIUo5Uz0yw_j00Nk9jC56BXRF3L121N8m8t5_Xy0%26dib_tag%3Dse%26keywords%3Dphones%26qid%3D1760991388%26sr%3D8-34-spons%26sp_csd%3Dd2lkZ2V0TmFtZT1zcF9hdGZfbmV4dA%26psc%3D1&aref=1nPYIhbSZO&sp_cr=ZAZ
Nothing  , "Nothing Phone (3a) Pro 5G (Grey, 8GB RAM, 256GB Storage)"                                                                                                                                               ,       27980, https://www.amazon.in/Nothing-Phone-Grey-256GB-Storage/dp/B0DZTNVLX6/ref=sr_1_35?dib=eyJ2IjoiMSJ9.ygAx69H9KT13WKUScsVnPzpuOKQh8Yo-zO6Ij2pms1VHVeEoD-pnjbxCtS09i9JQ-oznEcZUSiub6-eVpjsI8IrI3mtt7Oh4tQ-NqVPSVRRueqKmlH0bNRGIX9Fz-4edgQiPp0TKDY04Gj3OQJ65jWB47oy3I7_oMfGrYy3mftv-Pmfnq1geP1XrfI5n8ChgMwJhUYWOVSVJ_JMH8mBDp-LnNuQhJHxfgBXLz8ichm8.cX1BIUo5Uz0yw_j00Nk9jC56BXRF3L121N8m8t5_Xy0&dib_tag=se&keywords=phones&qid=1760991388&sr=8-35
Motorola , "Motorola G05 4G (Forest Green, 4GB RAM, 64GB Storage)"                                                                                                                                                  ,        7376, https://www.amazon.in/Motorola-Forest-Green-64GB-Storage/dp/B0DSTLPR3C/ref=sr_1_36?dib=eyJ2IjoiMSJ9.ygAx69H9KT13WKUScsVnPzpuOKQh8Yo-zO6Ij2pms1VHVeEoD-pnjbxCtS09i9JQ-oznEcZUSiub6-eVpjsI8IrI3mtt7Oh4tQ-NqVPSVRRueqKmlH0bNRGIX9Fz-4edgQiPp0TKDY04Gj3OQJ65jWB47oy3I7_oMfGrYy3mftv-Pmfnq1geP1XrfI5n8ChgMwJhUYWOVSVJ_JMH8mBDp-LnNuQhJHxfgBXLz8ichm8.cX1BIUo5Uz0yw_j00Nk9jC56BXRF3L121N8m8t5_Xy0&dib_tag=se&keywords=phones&qid=1760991388&sr=8-36
Motorola , "Motorola g45 5G (Pantone Moss, 128 GB) (8 GB RAM)"                                                                                                                                                      ,       11980, https://www.amazon.in/Motorola-g45-Pantone-Moss-128/dp/B0FL21SZXQ/ref=sr_1_37?dib=eyJ2IjoiMSJ9.ygAx69H9KT13WKUScsVnPzpuOKQh8Yo-zO6Ij2pms1VHVeEoD-pnjbxCtS09i9JQ-oznEcZUSiub6-eVpjsI8IrI3mtt7Oh4tQ-NqVPSVRRueqKmlH0bNRGIX9Fz-4edgQiPp0TKDY04Gj3OQJ65jWB47oy3I7_oMfGrYy3mftv-Pmfnq1geP1XrfI5n8ChgMwJhUYWOVSVJ_JMH8mBDp-LnNuQhJHxfgBXLz8ichm8.cX1BIUo5Uz0yw_j00Nk9jC56BXRF3L121N8m8t5_Xy0&dib_tag=se&keywords=phones&qid=1760991388&sr=8-37
OnePlus  , "OnePlus Nord CE4 (Dark Chrome, 8GB RAM, 128GB Storage) | Lifetime Display Warranty | Qualcomm® Snapdragon™ 7 Gen 3 - Best in The Segment | 50 MP Camera with OIS"                                       ,       18999, https://www.amazon.in/Oneplus-Nord-Chrome-128GB-Storage/dp/B0CX59H5W7/ref=sr_1_38?dib=eyJ2IjoiMSJ9.ygAx69H9KT13WKUScsVnPzpuOKQh8Yo-zO6Ij2pms1VHVeEoD-pnjbxCtS09i9JQ-oznEcZUSiub6-eVpjsI8IrI3mtt7Oh4tQ-NqVPSVRRueqKmlH0bNRGIX9Fz-4edgQiPp0TKDY04Gj3OQJ65jWB47oy3I7_oMfGrYy3mftv-Pmfnq1geP1XrfI5n8ChgMwJhUYWOVSVJ_JMH8mBDp-LnNuQhJHxfgBXLz8ichm8.cX1BIUo5Uz0yw_j00Nk9jC56BXRF3L121N8m8t5_Xy0&dib_tag=se&keywords=phones&qid=1760991388&sr=8-38
Redmi    , "Redmi 13 5G Prime Edition, Hawaiian Blue, 8GB+128GB | India Debut SD 4 Gen 2 AE | 108MP Pro Grade Camera | 6.79in Largest Display in Segment"                                                           ,       10999, https://www.amazon.in/Redmi-Hawaiian-Largest-Display-Segment/dp/B0D78X544X/ref=sr_1_39?dib=eyJ2IjoiMSJ9.ygAx69H9KT13WKUScsVnPzpuOKQh8Yo-zO6Ij2pms1VHVeEoD-pnjbxCtS09i9JQ-oznEcZUSiub6-eVpjsI8IrI3mtt7Oh4tQ-NqVPSVRRueqKmlH0bNRGIX9Fz-4edgQiPp0TKDY04Gj3OQJ65jWB47oy3I7_oMfGrYy3mftv-Pmfnq1geP1XrfI5n8ChgMwJhUYWOVSVJ_JMH8mBDp-LnNuQhJHxfgBXLz8ichm8.cX1BIUo5Uz0yw_j00Nk9jC56BXRF3L121N8m8t5_Xy0&dib_tag=se&keywords=phones&qid=1760991388&sr=8-39
Nothing  , "Nothing Phone (3), Black (12GB, 256GB)"                                                                                                                                                                 ,       46524, https://www.amazon.in/Nothing-Phone-Black-12GB-256GB/dp/B0F7R6V1LM/ref=sr_1_40?dib=eyJ2IjoiMSJ9.ygAx69H9KT13WKUScsVnPzpuOKQh8Yo-zO6Ij2pms1VHVeEoD-pnjbxCtS09i9JQ-oznEcZUSiub6-eVpjsI8IrI3mtt7Oh4tQ-NqVPSVRRueqKmlH0bNRGIX9Fz-4edgQiPp0TKDY04Gj3OQJ65jWB47oy3I7_oMfGrYy3mftv-Pmfnq1geP1XrfI5n8ChgMwJhUYWOVSVJ_JMH8mBDp-LnNuQhJHxfgBXLz8ichm8.cX1BIUo5Uz0yw_j00Nk9jC56BXRF3L121N8m8t5_Xy0&dib_tag=se&keywords=phones&qid=1760991388&sr=8-40
Lava     , "Lava Bold N1 Lite (Crystal Gold, 3 GB RAM, 64 GB Storage) | 6.75"" HD+ Display | 13MP AI Dual Rear Camera | 5000 mAh Battery | Secure Face Unlock | Fingerprint Reader | Charger & Phone-Cover in Box"  ,        5698, https://www.amazon.in/Lava-Crystal-Storage-Fingerprint-Phone-Cover/dp/B0FP5F44J8/ref=sr_1_41?dib=eyJ2IjoiMSJ9.ygAx69H9KT13WKUScsVnPzpuOKQh8Yo-zO6Ij2pms1VHVeEoD-pnjbxCtS09i9JQ-oznEcZUSiub6-eVpjsI8IrI3mtt7Oh4tQ-NqVPSVRRueqKmlH0bNRGIX9Fz-4edgQiPp0TKDY04Gj3OQJ65jWB47oy3I7_oMfGrYy3mftv-Pmfnq1geP1XrfI5n8ChgMwJhUYWOVSVJ_JMH8mBDp-LnNuQhJHxfgBXLz8ichm8.cX1BIUo5Uz0yw_j00Nk9jC56BXRF3L121N8m8t5_Xy0&dib_tag=se&keywords=phones&qid=1760991388&sr=8-41
CMF      , "CMF Phone 2 Pro 5G (Light Green, 8GB RAM, 128GB Storage)"                                                                                                                                               ,       17499, https://www.amazon.in/CMF-Phone-Light-Green-Storage/dp/B0F77VWZM5/ref=sr_1_42?dib=eyJ2IjoiMSJ9.ygAx69H9KT13WKUScsVnPzpuOKQh8Yo-zO6Ij2pms1VHVeEoD-pnjbxCtS09i9JQ-oznEcZUSiub6-eVpjsI8IrI3mtt7Oh4tQ-NqVPSVRRueqKmlH0bNRGIX9Fz-4edgQiPp0TKDY04Gj3OQJ65jWB47oy3I7_oMfGrYy3mftv-Pmfnq1geP1XrfI5n8ChgMwJhUYWOVSVJ_JMH8mBDp-LnNuQhJHxfgBXLz8ichm8.cX1BIUo5Uz0yw_j00Nk9jC56BXRF3L121N8m8t5_Xy0&dib_tag=se&keywords=phones&qid=1760991388&sr=8-42
iPhone   , "iPhone Air 1 TB: Thinnest iPhone Ever, 16.63 cm (6.5″) Display with Promotion up to 120Hz, Powerful A19 Pro Chip, Center Stage Front Camera, All-Day Battery Life; Sky Blue"                            ,      159900, https://www.amazon.in/sspa/click?ie=UTF8&spc=MTo3MjMxMjI4NDkxMjA4Mjk2OjE3NjA5OTEzODg6c3BfbXRmOjMwMDcyNTMzMTYxOTYzMjo6MDo6&url=%2FiPhone-Air-TB-Thinnest-Promotion%2Fdp%2FB0FQG1TPG9%2Fref%3Dsr_1_43_sspa%3Fdib%3DeyJ2IjoiMSJ9.ygAx69H9KT13WKUScsVnPzpuOKQh8Yo-zO6Ij2pms1VHVeEoD-pnjbxCtS09i9JQ-oznEcZUSiub6-eVpjsI8IrI3mtt7Oh4tQ-NqVPSVRRueqKmlH0bNRGIX9Fz-4edgQiPp0TKDY04Gj3OQJ65jWB47oy3I7_oMfGrYy3mftv-Pmfnq1geP1XrfI5n8ChgMwJhUYWOVSVJ_JMH8mBDp-LnNuQhJHxfgBXLz8ichm8.cX1BIUo5Uz0yw_j00Nk9jC56BXRF3L121N8m8t5_Xy0%26dib_tag%3Dse%26keywords%3Dphones%26qid%3D1760991388%26sr%3D8-43-spons%26sp_csd%3Dd2lkZ2V0TmFtZT1zcF9tdGY%26psc%3D1&aref=NHJOWigzBp&sp_cr=ZAZ
iPhone   , "iPhone 16 128 GB: 5G Mobile Phone with Camera Control, A18 Chip and a Big Boost in Battery Life. Works with AirPods; Pink"                                                                              ,       66900, https://www.amazon.in/sspa/click?ie=UTF8&spc=MTo3MjMxMjI4NDkxMjA4Mjk2OjE3NjA5OTEzODg6c3BfbXRmOjMwMDM1MTQ4MTk4MDgzMjo6MDo6&url=%2FiPhone-16-128-GB-Control%2Fdp%2FB0DGJ8YZDF%2Fref%3Dsr_1_44_sspa%3Fdib%3DeyJ2IjoiMSJ9.ygAx69H9KT13WKUScsVnPzpuOKQh8Yo-zO6Ij2pms1VHVeEoD-pnjbxCtS09i9JQ-oznEcZUSiub6-eVpjsI8IrI3mtt7Oh4tQ-NqVPSVRRueqKmlH0bNRGIX9Fz-4edgQiPp0TKDY04Gj3OQJ65jWB47oy3I7_oMfGrYy3mftv-Pmfnq1geP1XrfI5n8ChgMwJhUYWOVSVJ_JMH8mBDp-LnNuQhJHxfgBXLz8ichm8.cX1BIUo5Uz0yw_j00Nk9jC56BXRF3L121N8m8t5_Xy0%26dib_tag%3Dse%26keywords%3Dphones%26qid%3D1760991388%26sr%3D8-44-spons%26sp_csd%3Dd2lkZ2V0TmFtZT1zcF9tdGY%26psc%3D1&aref=OMUz326L4z&sp_cr=ZAZ
Redmi    , "Redmi A4 5G (Sparkle Purple, 4GB RAM, 64GB Storage) | Segment Largest 6.88in 120Hz | 50MP Dual Camera | 18W Fast Charging | Charger in The Box"                                                         ,        7499, https://www.amazon.in/Redmi-A4-5G-Sparkle-Charging/dp/B0DLW427YG/ref=sr_1_45?dib=eyJ2IjoiMSJ9.ygAx69H9KT13WKUScsVnPzpuOKQh8Yo-zO6Ij2pms1VHVeEoD-pnjbxCtS09i9JQ-oznEcZUSiub6-eVpjsI8IrI3mtt7Oh4tQ-NqVPSVRRueqKmlH0bNRGIX9Fz-4edgQiPp0TKDY04Gj3OQJ65jWB47oy3I7_oMfGrYy3mftv-Pmfnq1geP1XrfI5n8ChgMwJhUYWOVSVJ_JMH8mBDp-LnNuQhJHxfgBXLz8ichm8.cX1BIUo5Uz0yw_j00Nk9jC56BXRF3L121N8m8t5_Xy0&dib_tag=se&keywords=phones&qid=1760991388&sr=8-45
Tecno    , "Tecno Phantom V Fold 2, Largest Battery 5750mAh, Segment Largest Display, Strongest Fold Ever, Rear-Triple 50MP Camera with OIS, 70W Fast Charger, Rippling Blue, 12GB+512GB"                           ,       99999, https://www.amazon.in/Tecno-Phantom-Rippling-Strongest-Segment-5750mAh/dp/B0DMFMGP26/ref=sr_1_46?dib=eyJ2IjoiMSJ9.ygAx69H9KT13WKUScsVnPzpuOKQh8Yo-zO6Ij2pms1VHVeEoD-pnjbxCtS09i9JQ-oznEcZUSiub6-eVpjsI8IrI3mtt7Oh4tQ-NqVPSVRRueqKmlH0bNRGIX9Fz-4edgQiPp0TKDY04Gj3OQJ65jWB47oy3I7_oMfGrYy3mftv-Pmfnq1geP1XrfI5n8ChgMwJhUYWOVSVJ_JMH8mBDp-LnNuQhJHxfgBXLz8ichm8.cX1BIUo5Uz0yw_j00Nk9jC56BXRF3L121N8m8t5_Xy0&dib_tag=se&keywords=phones&qid=1760991388&sr=8-46
OnePlus  , OnePlus 13 | Smarter with OnePlus AI | Lifetime Display Warranty |12GB RAM 256GB Storage Arctic Dawn | Official Smartphone for BGMS 2025                                                                 ,       61999, https://www.amazon.in/OnePlus-Smarter-Lifetime-Display-Warranty/dp/B0DQ8R1DB5/ref=sr_1_47?dib=eyJ2IjoiMSJ9.ygAx69H9KT13WKUScsVnPzpuOKQh8Yo-zO6Ij2pms1VHVeEoD-pnjbxCtS09i9JQ-oznEcZUSiub6-eVpjsI8IrI3mtt7Oh4tQ-NqVPSVRRueqKmlH0bNRGIX9Fz-4edgQiPp0TKDY04Gj3OQJ65jWB47oy3I7_oMfGrYy3mftv-Pmfnq1geP1XrfI5n8ChgMwJhUYWOVSVJ_JMH8mBDp-LnNuQhJHxfgBXLz8ichm8.cX1BIUo5Uz0yw_j00Nk9jC56BXRF3L121N8m8t5_Xy0&dib_tag=se&keywords=phones&qid=1760991388&sr=8-47
Motorola , "Motorola Edge 60 Fusion 5G (Pantone Mykonos Blue, 256 GB) (12 GB RAM)"                                                                                                                                  ,       22312, https://www.amazon.in/Motorola-Edge-Fusion-Pantone-Mykonos/dp/B0FFTFL9H1/ref=sr_1_48?dib=eyJ2IjoiMSJ9.ygAx69H9KT13WKUScsVnPzpuOKQh8Yo-zO6Ij2pms1VHVeEoD-pnjbxCtS09i9JQ-oznEcZUSiub6-eVpjsI8IrI3mtt7Oh4tQ-NqVPSVRRueqKmlH0bNRGIX9Fz-4edgQiPp0TKDY04Gj3OQJ65jWB47oy3I7_oMfGrYy3mftv-Pmfnq1geP1XrfI5n8ChgMwJhUYWOVSVJ_JMH8mBDp-LnNuQhJHxfgBXLz8ichm8.cX1BIUo5Uz0yw_j00Nk9jC56BXRF3L121N8m8t5_Xy0&dib_tag=se&keywords=phones&qid=1760991388&sr=8-48
Nothing  , "Nothing Phone (3a) Pro 5G (Black, 8GB RAM + 256GB Storage)"                                                                                                                                             ,       27090, https://www.amazon.in/Nothing-Phone-Black-256GB-Storage/dp/B0DZTQ44FC/ref=sr_1_49?dib=eyJ2IjoiMSJ9.ygAx69H9KT13WKUScsVnPzpuOKQh8Yo-zO6Ij2pms1VHVeEoD-pnjbxCtS09i9JQ-oznEcZUSiub6-eVpjsI8IrI3mtt7Oh4tQ-NqVPSVRRueqKmlH0bNRGIX9Fz-4edgQiPp0TKDY04Gj3OQJ65jWB47oy3I7_oMfGrYy3mftv-Pmfnq1geP1XrfI5n8ChgMwJhUYWOVSVJ_JMH8mBDp-LnNuQhJHxfgBXLz8ichm8.cX1BIUo5Uz0yw_j00Nk9jC56BXRF3L121N8m8t5_Xy0&dib_tag=se&keywords=phones&qid=1760991388&sr=8-49
CMF      , "CMF Phone 2 Pro 5G (Light Green, 8GB RAM, 256GB Storage) | Dimensity 7300 Pro Processor | 5000mAh Battery 33W Fast Charging | 2TB Expandable | 50MP+50MP+8MP Camera |"                                  ,       18197, https://www.amazon.in/CMF-Dimensity-Processor-Charging-Expandable/dp/B0F6754D4W/ref=sr_1_50?dib=eyJ2IjoiMSJ9.ygAx69H9KT13WKUScsVnPzpuOKQh8Yo-zO6Ij2pms1VHVeEoD-pnjbxCtS09i9JQ-oznEcZUSiub6-eVpjsI8IrI3mtt7Oh4tQ-NqVPSVRRueqKmlH0bNRGIX9Fz-4edgQiPp0TKDY04Gj3OQJ65jWB47oy3I7_oMfGrYy3mftv-Pmfnq1geP1XrfI5n8ChgMwJhUYWOVSVJ_JMH8mBDp-LnNuQhJHxfgBXLz8ichm8.cX1BIUo5Uz0yw_j00Nk9jC56BXRF3L121N8m8t5_Xy0&dib_tag=se&keywords=phones&qid=1760991388&sr=8-50
Samsung  , "Samsung Galaxy A35 5G (Awesome Navy, 8GB RAM, 128GB Storage) Without Offer"                                                                                                                             ,       17999, https://www.amazon.in/samsung-Galaxy-Awesome-Storage-Without/dp/B0CXMD9YX5/ref=sr_1_51?dib=eyJ2IjoiMSJ9.ygAx69H9KT13WKUScsVnPzpuOKQh8Yo-zO6Ij2pms1VHVeEoD-pnjbxCtS09i9JQ-oznEcZUSiub6-eVpjsI8IrI3mtt7Oh4tQ-NqVPSVRRueqKmlH0bNRGIX9Fz-4edgQiPp0TKDY04Gj3OQJ65jWB47oy3I7_oMfGrYy3mftv-Pmfnq1geP1XrfI5n8ChgMwJhUYWOVSVJ_JMH8mBDp-LnNuQhJHxfgBXLz8ichm8.cX1BIUo5Uz0yw_j00Nk9jC56BXRF3L121N8m8t5_Xy0&dib_tag=se&keywords=phones&qid=1760991388&sr=8-51
Redmi    , Redmi A3X Ocean Green 4GB RAM 128GB ROM                                                                                                                                                                  ,        6749, https://www.amazon.in/Redmi-Storage-Premium-Powerful-Processor/dp/B0D78VJQ93/ref=sr_1_52?dib=eyJ2IjoiMSJ9.ygAx69H9KT13WKUScsVnPzpuOKQh8Yo-zO6Ij2pms1VHVeEoD-pnjbxCtS09i9JQ-oznEcZUSiub6-eVpjsI8IrI3mtt7Oh4tQ-NqVPSVRRueqKmlH0bNRGIX9Fz-4edgQiPp0TKDY04Gj3OQJ65jWB47oy3I7_oMfGrYy3mftv-Pmfnq1geP1XrfI5n8ChgMwJhUYWOVSVJ_JMH8mBDp-LnNuQhJHxfgBXLz8ichm8.cX1BIUo5Uz0yw_j00Nk9jC56BXRF3L121N8m8t5_Xy0&dib_tag=se&keywords=phones&qid=1760991388&sr=8-52
Realme   , Realme C71 Sea Blue 4GB 64GB                                                                                                                                                                             ,        7199, https://www.amazon.in/sspa/click?ie=UTF8&spc=MTo3MjMxMjI4NDkxMjA4Mjk2OjE3NjA5OTEzODg6c3BfYnRmOjMwMDc2MjQzOTU4ODMzMjo6MDo6&url=%2Frealme-RMX5313-C71%2Fdp%2FB0FNYPNYZW%2Fref%3Dsr_1_53_sspa%3Fdib%3DeyJ2IjoiMSJ9.ygAx69H9KT13WKUScsVnPzpuOKQh8Yo-zO6Ij2pms1VHVeEoD-pnjbxCtS09i9JQ-oznEcZUSiub6-eVpjsI8IrI3mtt7Oh4tQ-NqVPSVRRueqKmlH0bNRGIX9Fz-4edgQiPp0TKDY04Gj3OQJ65jWB47oy3I7_oMfGrYy3mftv-Pmfnq1geP1XrfI5n8ChgMwJhUYWOVSVJ_JMH8mBDp-LnNuQhJHxfgBXLz8ichm8.cX1BIUo5Uz0yw_j00Nk9jC56BXRF3L121N8m8t5_Xy0%26dib_tag%3Dse%26keywords%3Dphones%26qid%3D1760991388%26sr%3D8-53-spons%26sp_csd%3Dd2lkZ2V0TmFtZT1zcF9idGY%26psc%3D1&aref=Vf1rfj8SWu&sp_cr=ZAZ
Redmi    , Redmi 15 5G Frosted White 6GB + 128GB | Segment's Largest 7000mAhA Battery | Segment's Largest Display 17.53cm(6.9) Up to 144Hz | Snapdragon 6s Gen 3 | 18W Reverse Charging | 50MP AI Dual Camera       ,       14998, https://www.amazon.in/sspa/click?ie=UTF8&spc=MTo3MjMxMjI4NDkxMjA4Mjk2OjE3NjA5OTEzODg6c3BfYnRmOjMwMDY1ODUyMzQyNjYzMjo6MDo6&url=%2FRedmi-Segments-7000mAhA-Snapdragon-Charging%2Fdp%2FB0FJFVLPQP%2Fref%3Dsr_1_54_sspa%3Fdib%3DeyJ2IjoiMSJ9.ygAx69H9KT13WKUScsVnPzpuOKQh8Yo-zO6Ij2pms1VHVeEoD-pnjbxCtS09i9JQ-oznEcZUSiub6-eVpjsI8IrI3mtt7Oh4tQ-NqVPSVRRueqKmlH0bNRGIX9Fz-4edgQiPp0TKDY04Gj3OQJ65jWB47oy3I7_oMfGrYy3mftv-Pmfnq1geP1XrfI5n8ChgMwJhUYWOVSVJ_JMH8mBDp-LnNuQhJHxfgBXLz8ichm8.cX1BIUo5Uz0yw_j00Nk9jC56BXRF3L121N8m8t5_Xy0%26dib_tag%3Dse%26keywords%3Dphones%26qid%3D1760991388%26sr%3D8-54-spons%26sp_csd%3Dd2lkZ2V0TmFtZT1zcF9idGY%26psc%3D1&aref=zi5lX5X4K8&sp_cr=ZAZ
Apple    , Apple iPhone 15 (256 GB) - Pink                                                                                                                                                                          ,       62499, https://www.amazon.in/sspa/click?ie=UTF8&spc=MTo0MjMxODU0NDQyNzkyMTc4OjE3NjA5OTE0MDI6c3BfYXRmX25leHQ6MzAwMDU3NTk0NTM4MDMyOjowOjo&url=%2FApple-iPhone-15-256-GB%2Fdp%2FB0CHX4CRND%2Fref%3Dsr_1_49_sspa%3Fdib%3DeyJ2IjoiMSJ9.1hzdEjc1sV53VxzZErEQKVrdAD_8R8mlk8BpLUbhCMOoWcOEeWwTMs0bxeh_YzvTYUgZjSHP3Z5Z-L7mP1ongVq5ZLJWfRiSEiqyLvbuUe_SmVzlVz7YjBcdixwbIW9qr1SXeq6ycg6B3xVERJPf7hdMN3NYy7S2E9uEKRYxWy_EaGWpsYIWMU1-EoVaLSLSSZaAk3STGEgKYZUo5uMMM5X5xMy2VGCjVRLy0sGuUGs.gvS-tk94biJdk2Uk1wkeWYyxg2aXVPQ7kfYTs4_KB9U%26dib_tag%3Dse%26keywords%3Dphones%26qid%3D1760991402%26sr%3D8-49-spons%26sp_csd%3Dd2lkZ2V0TmFtZT1zcF9hdGZfbmV4dA%26psc%3D1&aref=ZScRL49mw8&sp_cr=ZAZ
iPhone   , "iPhone 17 Pro 1 TB: 15.93 cm (6.3″) Display with Promotion up to 120Hz, A19 Pro Chip, Breakthrough Battery Life, Pro Fusion Camera System with Center Stage Front Camera; Cosmic Orange"                ,      174900, https://www.amazon.in/sspa/click?ie=UTF8&spc=MTo0MjMxODU0NDQyNzkyMTc4OjE3NjA5OTE0MDI6c3BfYXRmX25leHQ6MzAwNzI1MzMxNjIxNjMyOjowOjo&url=%2FiPhone-17-Pro-Promotion-Breakthrough%2Fdp%2FB0FQG1VB5Y%2Fref%3Dsr_1_50_sspa%3Fdib%3DeyJ2IjoiMSJ9.1hzdEjc1sV53VxzZErEQKVrdAD_8R8mlk8BpLUbhCMOoWcOEeWwTMs0bxeh_YzvTYUgZjSHP3Z5Z-L7mP1ongVq5ZLJWfRiSEiqyLvbuUe_SmVzlVz7YjBcdixwbIW9qr1SXeq6ycg6B3xVERJPf7hdMN3NYy7S2E9uEKRYxWy_EaGWpsYIWMU1-EoVaLSLSSZaAk3STGEgKYZUo5uMMM5X5xMy2VGCjVRLy0sGuUGs.gvS-tk94biJdk2Uk1wkeWYyxg2aXVPQ7kfYTs4_KB9U%26dib_tag%3Dse%26keywords%3Dphones%26qid%3D1760991402%26sr%3D8-50-spons%26sp_csd%3Dd2lkZ2V0TmFtZT1zcF9hdGZfbmV4dA%26psc%3D1&aref=1nPYIhbSZO&sp_cr=ZAZ
Lava     , "Lava Bold N1 Pro (Stealth Black, 4 GB RAM, 128 GB Storage)| Bigger 6.67"" HD+ IP54 Display | 120 Hz Refresh Rate | 50 MP AI Triple Rear Camera | 8 MP Front Camera| 5000 mAh Battery| Charger in Box"   ,        6399, https://www.amazon.in/Lava-Bold-N1-Pro-Stealth/dp/B0F1Z259NF/ref=sr_1_51?dib=eyJ2IjoiMSJ9.1hzdEjc1sV53VxzZErEQKVrdAD_8R8mlk8BpLUbhCMOoWcOEeWwTMs0bxeh_YzvTYUgZjSHP3Z5Z-L7mP1ongVq5ZLJWfRiSEiqyLvbuUe_SmVzlVz7YjBcdixwbIW9qr1SXeq6ycg6B3xVERJPf7hdMN3NYy7S2E9uEKRYxWy_EaGWpsYIWMU1-EoVaLSLSSZaAk3STGEgKYZUo5uMMM5X5xMy2VGCjVRLy0sGuUGs.gvS-tk94biJdk2Uk1wkeWYyxg2aXVPQ7kfYTs4_KB9U&dib_tag=se&keywords=phones&qid=1760991402&sr=8-51
realme   , "realme 15T 5G Smartphone 12+256GB Flowing Silver,6.67inch Screen, 120Hz Display,7000mAh Battery,60W Fast Charge,Front & Rear Dual 50MP Cameras, Dimensity 6400 Max 5G Chipset,IP69"                     ,       26399, https://www.amazon.in/realme-Smartphone-6-67inch-Display-Dimensity/dp/B0FMK9MJKD/ref=sr_1_52?dib=eyJ2IjoiMSJ9.1hzdEjc1sV53VxzZErEQKVrdAD_8R8mlk8BpLUbhCMOoWcOEeWwTMs0bxeh_YzvTYUgZjSHP3Z5Z-L7mP1ongVq5ZLJWfRiSEiqyLvbuUe_SmVzlVz7YjBcdixwbIW9qr1SXeq6ycg6B3xVERJPf7hdMN3NYy7S2E9uEKRYxWy_EaGWpsYIWMU1-EoVaLSLSSZaAk3STGEgKYZUo5uMMM5X5xMy2VGCjVRLy0sGuUGs.gvS-tk94biJdk2Uk1wkeWYyxg2aXVPQ7kfYTs4_KB9U&dib_tag=se&keywords=phones&qid=1760991402&sr=8-52
O3       , "O3 Pro (Glossy Black, 4 GB RAM, 64 GB Storage)| Bigger 6.56"" HD+ Display | 50 MP AI Triple Rear Camera | 8 MP Front Camera| 5000 mAh Battery | 10W Charging | Charger in Box"                          ,        5749, https://www.amazon.in/O3-Glossy-GB-Storage-Charging/dp/B0F4D797QC/ref=sr_1_53?dib=eyJ2IjoiMSJ9.1hzdEjc1sV53VxzZErEQKVrdAD_8R8mlk8BpLUbhCMOoWcOEeWwTMs0bxeh_YzvTYUgZjSHP3Z5Z-L7mP1ongVq5ZLJWfRiSEiqyLvbuUe_SmVzlVz7YjBcdixwbIW9qr1SXeq6ycg6B3xVERJPf7hdMN3NYy7S2E9uEKRYxWy_EaGWpsYIWMU1-EoVaLSLSSZaAk3STGEgKYZUo5uMMM5X5xMy2VGCjVRLy0sGuUGs.gvS-tk94biJdk2Uk1wkeWYyxg2aXVPQ7kfYTs4_KB9U&dib_tag=se&keywords=phones&qid=1760991402&sr=8-53
OnePlus  , OnePlus Nord CE5 | Massive 7100mAh Battery | MediaTek Dimensity 8350 Apex | Powered by OnePlus AI | 8GB + 128GB | Black Infinity                                                                         ,       23999, https://www.amazon.in/OnePlus-Massive-MediaTek-Dimensity-Infinity/dp/B0FCMLCX46/ref=sr_1_54?dib=eyJ2IjoiMSJ9.1hzdEjc1sV53VxzZErEQKVrdAD_8R8mlk8BpLUbhCMOoWcOEeWwTMs0bxeh_YzvTYUgZjSHP3Z5Z-L7mP1ongVq5ZLJWfRiSEiqyLvbuUe_SmVzlVz7YjBcdixwbIW9qr1SXeq6ycg6B3xVERJPf7hdMN3NYy7S2E9uEKRYxWy_EaGWpsYIWMU1-EoVaLSLSSZaAk3STGEgKYZUo5uMMM5X5xMy2VGCjVRLy0sGuUGs.gvS-tk94biJdk2Uk1wkeWYyxg2aXVPQ7kfYTs4_KB9U&dib_tag=se&keywords=phones&qid=1760991402&sr=8-54
POCO     , "POCO C75 5G, Aqua Bliss (4GB, 64GB)"                                                                                                                                                                    ,        7299, https://www.amazon.in/POCO-C75-Aqua-Bliss-64GB/dp/B0DRKNZFT2/ref=sr_1_55?dib=eyJ2IjoiMSJ9.1hzdEjc1sV53VxzZErEQKVrdAD_8R8mlk8BpLUbhCMOoWcOEeWwTMs0bxeh_YzvTYUgZjSHP3Z5Z-L7mP1ongVq5ZLJWfRiSEiqyLvbuUe_SmVzlVz7YjBcdixwbIW9qr1SXeq6ycg6B3xVERJPf7hdMN3NYy7S2E9uEKRYxWy_EaGWpsYIWMU1-EoVaLSLSSZaAk3STGEgKYZUo5uMMM5X5xMy2VGCjVRLy0sGuUGs.gvS-tk94biJdk2Uk1wkeWYyxg2aXVPQ7kfYTs4_KB9U&dib_tag=se&keywords=phones&qid=1760991402&sr=8-55
OnePlus  , "OnePlus Nord CE4 (Celadon Marble, 8GB RAM, 128GB Storage) | Lifetime Display Warranty | Qualcomm® Snapdragon™ 7 Gen 3 - Best in The Segment | 50 MP Camera with OIS"                                    ,       18999, https://www.amazon.in/OnePlus-Nord-CE4-Lifetime-Warranty/dp/B0CX58MTNN/ref=sr_1_56?dib=eyJ2IjoiMSJ9.1hzdEjc1sV53VxzZErEQKVrdAD_8R8mlk8BpLUbhCMOoWcOEeWwTMs0bxeh_YzvTYUgZjSHP3Z5Z-L7mP1ongVq5ZLJWfRiSEiqyLvbuUe_SmVzlVz7YjBcdixwbIW9qr1SXeq6ycg6B3xVERJPf7hdMN3NYy7S2E9uEKRYxWy_EaGWpsYIWMU1-EoVaLSLSSZaAk3STGEgKYZUo5uMMM5X5xMy2VGCjVRLy0sGuUGs.gvS-tk94biJdk2Uk1wkeWYyxg2aXVPQ7kfYTs4_KB9U&dib_tag=se&keywords=phones&qid=1760991402&sr=8-56
Samsung  , "Samsung Galaxy M06 5G (Sage Green, 4GB RAM, 128 GB Storage) | MediaTek Dimensity 6300 | AnTuTu Score 422K+ | 12 5G Bands| 25W Fast Charging | 4 Gen of OS Upgrades | Without Charger"                   ,        7999, https://www.amazon.in/Samsung-MediaTek-Dimensity-Charging-Upgrades/dp/B0DX6P3RX9/ref=sr_1_57?dib=eyJ2IjoiMSJ9.1hzdEjc1sV53VxzZErEQKVrdAD_8R8mlk8BpLUbhCMOoWcOEeWwTMs0bxeh_YzvTYUgZjSHP3Z5Z-L7mP1ongVq5ZLJWfRiSEiqyLvbuUe_SmVzlVz7YjBcdixwbIW9qr1SXeq6ycg6B3xVERJPf7hdMN3NYy7S2E9uEKRYxWy_EaGWpsYIWMU1-EoVaLSLSSZaAk3STGEgKYZUo5uMMM5X5xMy2VGCjVRLy0sGuUGs.gvS-tk94biJdk2Uk1wkeWYyxg2aXVPQ7kfYTs4_KB9U&dib_tag=se&keywords=phones&qid=1760991402&sr=8-57
OnePlus  , "OnePlus Nord CE4 Lite 5G (Mega Blue, 8GB RAM, 128GB Storage)"                                                                                                                                           ,       15999, https://www.amazon.in/OnePlus-Nord-Lite-128GB-Storage/dp/B0D5YFZ946/ref=sr_1_58?dib=eyJ2IjoiMSJ9.1hzdEjc1sV53VxzZErEQKVrdAD_8R8mlk8BpLUbhCMOoWcOEeWwTMs0bxeh_YzvTYUgZjSHP3Z5Z-L7mP1ongVq5ZLJWfRiSEiqyLvbuUe_SmVzlVz7YjBcdixwbIW9qr1SXeq6ycg6B3xVERJPf7hdMN3NYy7S2E9uEKRYxWy_EaGWpsYIWMU1-EoVaLSLSSZaAk3STGEgKYZUo5uMMM5X5xMy2VGCjVRLy0sGuUGs.gvS-tk94biJdk2Uk1wkeWYyxg2aXVPQ7kfYTs4_KB9U&dib_tag=se&keywords=phones&qid=1760991402&sr=8-58
iPhone   , "iPhone Air 1 TB: Thinnest iPhone Ever, 16.63 cm (6.5″) Display with Promotion up to 120Hz, Powerful A19 Pro Chip, Center Stage Front Camera, All-Day Battery Life; Sky Blue"                            ,      159900, https://www.amazon.in/sspa/click?ie=UTF8&spc=MTo0MjMxODU0NDQyNzkyMTc4OjE3NjA5OTE0MDI6c3BfbXRmOjMwMDcyNTMzMTYxOTYzMjo6MDo6&url=%2FiPhone-Air-TB-Thinnest-Promotion%2Fdp%2FB0FQG1TPG9%2Fref%3Dsr_1_59_sspa%3Fdib%3DeyJ2IjoiMSJ9.1hzdEjc1sV53VxzZErEQKVrdAD_8R8mlk8BpLUbhCMOoWcOEeWwTMs0bxeh_YzvTYUgZjSHP3Z5Z-L7mP1ongVq5ZLJWfRiSEiqyLvbuUe_SmVzlVz7YjBcdixwbIW9qr1SXeq6ycg6B3xVERJPf7hdMN3NYy7S2E9uEKRYxWy_EaGWpsYIWMU1-EoVaLSLSSZaAk3STGEgKYZUo5uMMM5X5xMy2VGCjVRLy0sGuUGs.gvS-tk94biJdk2Uk1wkeWYyxg2aXVPQ7kfYTs4_KB9U%26dib_tag%3Dse%26keywords%3Dphones%26qid%3D1760991402%26sr%3D8-59-spons%26sp_csd%3Dd2lkZ2V0TmFtZT1zcF9tdGY%26psc%3D1&aref=NHJOWigzBp&sp_cr=ZAZ
iPhone   , "iPhone 16 128 GB: 5G Mobile Phone with Camera Control, A18 Chip and a Big Boost in Battery Life. Works with AirPods; Pink"                                                                              ,       66900, https://www.amazon.in/sspa/click?ie=UTF8&spc=MTo0MjMxODU0NDQyNzkyMTc4OjE3NjA5OTE0MDI6c3BfbXRmOjMwMDM1MTQ4MTk4MDgzMjo6MDo6&url=%2FiPhone-16-128-GB-Control%2Fdp%2FB0DGJ8YZDF%2Fref%3Dsr_1_60_sspa%3Fdib%3DeyJ2IjoiMSJ9.1hzdEjc1sV53VxzZErEQKVrdAD_8R8mlk8BpLUbhCMOoWcOEeWwTMs0bxeh_YzvTYUgZjSHP3Z5Z-L7mP1ongVq5ZLJWfRiSEiqyLvbuUe_SmVzlVz7YjBcdixwbIW9qr1SXeq6ycg6B3xVERJPf7hdMN3NYy7S2E9uEKRYxWy_EaGWpsYIWMU1-EoVaLSLSSZaAk3STGEgKYZUo5uMMM5X5xMy2VGCjVRLy0sGuUGs.gvS-tk94biJdk2Uk1wkeWYyxg2aXVPQ7kfYTs4_KB9U%26dib_tag%3Dse%26keywords%3Dphones%26qid%3D1760991402%26sr%3D8-60-spons%26sp_csd%3Dd2lkZ2V0TmFtZT1zcF9tdGY%26psc%3D1&aref=OMUz326L4z&sp_cr=ZAZ
Motorola , "Motorola g45 5G Pantone Dahlia Purple, 8 GB,128 GB"                                                                                                                                                     ,       12499, https://www.amazon.in/Motorola-g45-Pantone-Dahlia-Purple/dp/B0FLKF5V4J/ref=sr_1_61?dib=eyJ2IjoiMSJ9.1hzdEjc1sV53VxzZErEQKVrdAD_8R8mlk8BpLUbhCMOoWcOEeWwTMs0bxeh_YzvTYUgZjSHP3Z5Z-L7mP1ongVq5ZLJWfRiSEiqyLvbuUe_SmVzlVz7YjBcdixwbIW9qr1SXeq6ycg6B3xVERJPf7hdMN3NYy7S2E9uEKRYxWy_EaGWpsYIWMU1-EoVaLSLSSZaAk3STGEgKYZUo5uMMM5X5xMy2VGCjVRLy0sGuUGs.gvS-tk94biJdk2Uk1wkeWYyxg2aXVPQ7kfYTs4_KB9U&dib_tag=se&keywords=phones&qid=1760991402&sr=8-61
Nokia    , Nokia 130 Music | Built-in Powerful Loud Speaker with Music Player and Wireless FM | Dedicated Music Buttons | Big 2.4” Display | 1 Month Standby Battery Life | Dark Blue                               ,        1849, https://www.amazon.in/Nokia-130-Powerful-Wireless-Dedicated/dp/B0CBKKBGWZ/ref=sr_1_62?dib=eyJ2IjoiMSJ9.1hzdEjc1sV53VxzZErEQKVrdAD_8R8mlk8BpLUbhCMOoWcOEeWwTMs0bxeh_YzvTYUgZjSHP3Z5Z-L7mP1ongVq5ZLJWfRiSEiqyLvbuUe_SmVzlVz7YjBcdixwbIW9qr1SXeq6ycg6B3xVERJPf7hdMN3NYy7S2E9uEKRYxWy_EaGWpsYIWMU1-EoVaLSLSSZaAk3STGEgKYZUo5uMMM5X5xMy2VGCjVRLy0sGuUGs.gvS-tk94biJdk2Uk1wkeWYyxg2aXVPQ7kfYTs4_KB9U&dib_tag=se&keywords=phones&qid=1760991402&sr=8-62
CMF      , "CMF Phone 2 Pro 5G (Black, 8GB RAM, 256GB Storage)"                                                                                                                                                     ,       18269, https://www.amazon.in/CMF-Phone-Black-256GB-Storage/dp/B0F788QFT9/ref=sr_1_63?dib=eyJ2IjoiMSJ9.1hzdEjc1sV53VxzZErEQKVrdAD_8R8mlk8BpLUbhCMOoWcOEeWwTMs0bxeh_YzvTYUgZjSHP3Z5Z-L7mP1ongVq5ZLJWfRiSEiqyLvbuUe_SmVzlVz7YjBcdixwbIW9qr1SXeq6ycg6B3xVERJPf7hdMN3NYy7S2E9uEKRYxWy_EaGWpsYIWMU1-EoVaLSLSSZaAk3STGEgKYZUo5uMMM5X5xMy2VGCjVRLy0sGuUGs.gvS-tk94biJdk2Uk1wkeWYyxg2aXVPQ7kfYTs4_KB9U&dib_tag=se&keywords=phones&qid=1760991402&sr=8-63
Samsung  , "Samsung Galaxy A35 5G (Awesome Iceblue, 8GB RAM, 128GB Storage) Without Offer"                                                                                                                          ,       18849, https://www.amazon.in/samsung-Awesome-Iceblue-Storage-Without/dp/B0CXMCX9MD/ref=sr_1_64?dib=eyJ2IjoiMSJ9.1hzdEjc1sV53VxzZErEQKVrdAD_8R8mlk8BpLUbhCMOoWcOEeWwTMs0bxeh_YzvTYUgZjSHP3Z5Z-L7mP1ongVq5ZLJWfRiSEiqyLvbuUe_SmVzlVz7YjBcdixwbIW9qr1SXeq6ycg6B3xVERJPf7hdMN3NYy7S2E9uEKRYxWy_EaGWpsYIWMU1-EoVaLSLSSZaAk3STGEgKYZUo5uMMM5X5xMy2VGCjVRLy0sGuUGs.gvS-tk94biJdk2Uk1wkeWYyxg2aXVPQ7kfYTs4_KB9U&dib_tag=se&keywords=phones&qid=1760991402&sr=8-64
Google   , "Google Pixel 9A (Porcelain, 256 GB) (8 GB RAM)"                                                                                                                                                         ,       42900, https://www.amazon.in/Google-Pixel-9A-Porcelain-256/dp/B0FGY7C13L/ref=sr_1_65?dib=eyJ2IjoiMSJ9.1hzdEjc1sV53VxzZErEQKVrdAD_8R8mlk8BpLUbhCMOoWcOEeWwTMs0bxeh_YzvTYUgZjSHP3Z5Z-L7mP1ongVq5ZLJWfRiSEiqyLvbuUe_SmVzlVz7YjBcdixwbIW9qr1SXeq6ycg6B3xVERJPf7hdMN3NYy7S2E9uEKRYxWy_EaGWpsYIWMU1-EoVaLSLSSZaAk3STGEgKYZUo5uMMM5X5xMy2VGCjVRLy0sGuUGs.gvS-tk94biJdk2Uk1wkeWYyxg2aXVPQ7kfYTs4_KB9U&dib_tag=se&keywords=phones&qid=1760991402&sr=8-65
OnePlus  , OnePlus Nord 5 | Snapdragon 8s Gen 3 | Stable 144FPS Gaming | Dual 50MP Flagship Camera | Powered by OnePlus AI | 8GB + 256GB | Dry Ice                                                                  ,       30999, https://www.amazon.in/OnePlus-Snapdragon-Stable-Flagship-Powered/dp/B0FCMKSP7V/ref=sr_1_66?dib=eyJ2IjoiMSJ9.1hzdEjc1sV53VxzZErEQKVrdAD_8R8mlk8BpLUbhCMOoWcOEeWwTMs0bxeh_YzvTYUgZjSHP3Z5Z-L7mP1ongVq5ZLJWfRiSEiqyLvbuUe_SmVzlVz7YjBcdixwbIW9qr1SXeq6ycg6B3xVERJPf7hdMN3NYy7S2E9uEKRYxWy_EaGWpsYIWMU1-EoVaLSLSSZaAk3STGEgKYZUo5uMMM5X5xMy2VGCjVRLy0sGuUGs.gvS-tk94biJdk2Uk1wkeWYyxg2aXVPQ7kfYTs4_KB9U&dib_tag=se&keywords=phones&qid=1760991402&sr=8-66
iQOO     , "iQOO Z10 Lite 5G (Cyber Green, 6GB RAM, 128GB Storage) | 6000 mAh Battery | Dimensity 6300 5G Processor with 433K+* AnTuTu Score | IP64 Rated & Military Grade Shock-Resistance*"                       ,       10998, https://www.amazon.in/iQOO-Dimensity-Processor-Military-Shock-Resistance/dp/B0FC5XK9WZ/ref=sr_1_67?dib=eyJ2IjoiMSJ9.1hzdEjc1sV53VxzZErEQKVrdAD_8R8mlk8BpLUbhCMOoWcOEeWwTMs0bxeh_YzvTYUgZjSHP3Z5Z-L7mP1ongVq5ZLJWfRiSEiqyLvbuUe_SmVzlVz7YjBcdixwbIW9qr1SXeq6ycg6B3xVERJPf7hdMN3NYy7S2E9uEKRYxWy_EaGWpsYIWMU1-EoVaLSLSSZaAk3STGEgKYZUo5uMMM5X5xMy2VGCjVRLy0sGuUGs.gvS-tk94biJdk2Uk1wkeWYyxg2aXVPQ7kfYTs4_KB9U&dib_tag=se&keywords=phones&qid=1760991402&sr=8-67
CMF      , "CMF Phone 2 Pro 5G (White, 8GB RAM, 256GB Storage)"                                                                                                                                                     ,       18335, https://www.amazon.in/CMF-Phone-White-256GB-Storage/dp/B0F77XPC16/ref=sr_1_68?dib=eyJ2IjoiMSJ9.1hzdEjc1sV53VxzZErEQKVrdAD_8R8mlk8BpLUbhCMOoWcOEeWwTMs0bxeh_YzvTYUgZjSHP3Z5Z-L7mP1ongVq5ZLJWfRiSEiqyLvbuUe_SmVzlVz7YjBcdixwbIW9qr1SXeq6ycg6B3xVERJPf7hdMN3NYy7S2E9uEKRYxWy_EaGWpsYIWMU1-EoVaLSLSSZaAk3STGEgKYZUo5uMMM5X5xMy2VGCjVRLy0sGuUGs.gvS-tk94biJdk2Uk1wkeWYyxg2aXVPQ7kfYTs4_KB9U&dib_tag=se&keywords=phones&qid=1760991402&sr=8-68
Samsung  , "Samsung Galaxy M17 5G (Moonlight Silver, 4GB RAM, 128GB Storage)| Circle to Search| Gemini Live| 50MP OIS Triple Camera| IP54 Rating| Gorilla Glass Victus| AI| 6 Gen of OS Upgrades| Without Charger"  ,       12999, https://www.amazon.in/sspa/click?ie=UTF8&spc=MTo0MjMxODU0NDQyNzkyMTc4OjE3NjA5OTE0MDI6c3BfYnRmOjMwMDc3NTAyNDc1MTkzMjo6MDo6&url=%2FSamsung-Moonlight-Storage-Gorilla-Upgrades%2Fdp%2FB0FN7TJYDK%2Fref%3Dsr_1_69_sspa%3Fdib%3DeyJ2IjoiMSJ9.1hzdEjc1sV53VxzZErEQKVrdAD_8R8mlk8BpLUbhCMOoWcOEeWwTMs0bxeh_YzvTYUgZjSHP3Z5Z-L7mP1ongVq5ZLJWfRiSEiqyLvbuUe_SmVzlVz7YjBcdixwbIW9qr1SXeq6ycg6B3xVERJPf7hdMN3NYy7S2E9uEKRYxWy_EaGWpsYIWMU1-EoVaLSLSSZaAk3STGEgKYZUo5uMMM5X5xMy2VGCjVRLy0sGuUGs.gvS-tk94biJdk2Uk1wkeWYyxg2aXVPQ7kfYTs4_KB9U%26dib_tag%3Dse%26keywords%3Dphones%26qid%3D1760991402%26sr%3D8-69-spons%26sp_csd%3Dd2lkZ2V0TmFtZT1zcF9idGY%26psc%3D1&aref=v1roXdF1Pj&sp_cr=ZAZ
Lava     , "Lava Storm Play 5G (Dune Titanium, 8+8*GB RAM, 256 GB Storage)|India's First MT D7060 Processor with 525k Antutu |50 MP AI Camera | 6.75"" HD+ Display| 5000 mAh Battery |IP64 Dust & Water Proof"      ,       12499, https://www.amazon.in/sspa/click?ie=UTF8&spc=MTo0MjMxODU0NDQyNzkyMTc4OjE3NjA5OTE0MDI6c3BfYnRmOjMwMDcyMDIzNDA0NjkzMjo6MDo6&url=%2FLava-Storm-Play-5G-Processor%2Fdp%2FB0FL7YFTXH%2Fref%3Dsr_1_70_sspa%3Fdib%3DeyJ2IjoiMSJ9.1hzdEjc1sV53VxzZErEQKVrdAD_8R8mlk8BpLUbhCMOoWcOEeWwTMs0bxeh_YzvTYUgZjSHP3Z5Z-L7mP1ongVq5ZLJWfRiSEiqyLvbuUe_SmVzlVz7YjBcdixwbIW9qr1SXeq6ycg6B3xVERJPf7hdMN3NYy7S2E9uEKRYxWy_EaGWpsYIWMU1-EoVaLSLSSZaAk3STGEgKYZUo5uMMM5X5xMy2VGCjVRLy0sGuUGs.gvS-tk94biJdk2Uk1wkeWYyxg2aXVPQ7kfYTs4_KB9U%26dib_tag%3Dse%26keywords%3Dphones%26qid%3D1760991402%26sr%3D8-70-spons%26sp_csd%3Dd2lkZ2V0TmFtZT1zcF9idGY%26psc%3D1&aref=ToWsryK0Nn&sp_cr=ZAZ
Apple    , Apple iPhone 15 (256 GB) - Pink                                                                                                                                                                          ,       62499, https://www.amazon.in/sspa/click?ie=UTF8&spc=MTo2ODQ4ODAwNzgxMjg2MjA0OjE3NjA5OTE0MTk6c3BfYXRmX25leHQ6MzAwMDU3NTk0NTM4MDMyOjowOjo&url=%2FApple-iPhone-15-256-GB%2Fdp%2FB0CHX4CRND%2Fref%3Dsr_1_65_sspa%3Fdib%3DeyJ2IjoiMSJ9.4kffFGlM917356n4xGLSRZUv0b2vbu5PqKP5HywxMxw7sM3CvHXDShD4KHHqoFsBQQZ8b9X0tKVwidteog9rCKIhX3Lzn9HUbtI6nysnuVu_sXUSyBWLVFaPw38wdnPM_WiKRrxkpx3evLgX8FZI_Zen1B89wHrxbMFIqGsmnGfzXu4GRLXUXewipBM3S1K-ScG5_ghTKhDa1k_eHORLP4xIWumqSiN7CAFHbDcnVzc.Gl3zDMFuO4jPMoid-LXV497oaQmc32gpK4kF5-l025Y%26dib_tag%3Dse%26keywords%3Dphones%26qid%3D1760991419%26sr%3D8-65-spons%26sp_csd%3Dd2lkZ2V0TmFtZT1zcF9hdGZfbmV4dA%26psc%3D1&aref=ZScRL49mw8&sp_cr=ZAZ
iPhone   , "iPhone 17 Pro 1 TB: 15.93 cm (6.3″) Display with Promotion up to 120Hz, A19 Pro Chip, Breakthrough Battery Life, Pro Fusion Camera System with Center Stage Front Camera; Cosmic Orange"                ,      174900, https://www.amazon.in/sspa/click?ie=UTF8&spc=MTo2ODQ4ODAwNzgxMjg2MjA0OjE3NjA5OTE0MTk6c3BfYXRmX25leHQ6MzAwNzI1MzMxNjIxNjMyOjowOjo&url=%2FiPhone-17-Pro-Promotion-Breakthrough%2Fdp%2FB0FQG1VB5Y%2Fref%3Dsr_1_66_sspa%3Fdib%3DeyJ2IjoiMSJ9.4kffFGlM917356n4xGLSRZUv0b2vbu5PqKP5HywxMxw7sM3CvHXDShD4KHHqoFsBQQZ8b9X0tKVwidteog9rCKIhX3Lzn9HUbtI6nysnuVu_sXUSyBWLVFaPw38wdnPM_WiKRrxkpx3evLgX8FZI_Zen1B89wHrxbMFIqGsmnGfzXu4GRLXUXewipBM3S1K-ScG5_ghTKhDa1k_eHORLP4xIWumqSiN7CAFHbDcnVzc.Gl3zDMFuO4jPMoid-LXV497oaQmc32gpK4kF5-l025Y%26dib_tag%3Dse%26keywords%3Dphones%26qid%3D1760991419%26sr%3D8-66-spons%26sp_csd%3Dd2lkZ2V0TmFtZT1zcF9hdGZfbmV4dA%26psc%3D1&aref=1nPYIhbSZO&sp_cr=ZAZ
XIAOMI   , XIAOMI 14 Civi Cruise Blue (8GB RAM 256GB Storage) | 50 MP Leica Triple Camera| SD 8s Gen 3 | 1.5K Quad Curved AMOLED HyperOS                                                                            ,       26249, https://www.amazon.in/Xiaomi-CIVI-Cruise-256GB-Storage/dp/B0D83M6WVX/ref=sr_1_67?dib=eyJ2IjoiMSJ9.4kffFGlM917356n4xGLSRZUv0b2vbu5PqKP5HywxMxw7sM3CvHXDShD4KHHqoFsBQQZ8b9X0tKVwidteog9rCKIhX3Lzn9HUbtI6nysnuVu_sXUSyBWLVFaPw38wdnPM_WiKRrxkpx3evLgX8FZI_Zen1B89wHrxbMFIqGsmnGfzXu4GRLXUXewipBM3S1K-ScG5_ghTKhDa1k_eHORLP4xIWumqSiN7CAFHbDcnVzc.Gl3zDMFuO4jPMoid-LXV497oaQmc32gpK4kF5-l025Y&dib_tag=se&keywords=phones&qid=1760991419&sr=8-67
POCO     , POCO M6 Plus 5G Graphite Black 8GB RAM 128GB ROM                                                                                                                                                         ,       10299, https://www.amazon.in/POCO-Plus-Graphite-Black-128GB/dp/B0D9KHQ4M1/ref=sr_1_68?dib=eyJ2IjoiMSJ9.4kffFGlM917356n4xGLSRZUv0b2vbu5PqKP5HywxMxw7sM3CvHXDShD4KHHqoFsBQQZ8b9X0tKVwidteog9rCKIhX3Lzn9HUbtI6nysnuVu_sXUSyBWLVFaPw38wdnPM_WiKRrxkpx3evLgX8FZI_Zen1B89wHrxbMFIqGsmnGfzXu4GRLXUXewipBM3S1K-ScG5_ghTKhDa1k_eHORLP4xIWumqSiN7CAFHbDcnVzc.Gl3zDMFuO4jPMoid-LXV497oaQmc32gpK4kF5-l025Y&dib_tag=se&keywords=phones&qid=1760991419&sr=8-68
Motorola , "Motorola G35 5G (Midnight Black, 4GB RAM, 128GB Storage)"                                                                                                                                               ,       10195, https://www.amazon.in/Motorola-Midnight-Storage-Powerful-Performance/dp/B0DPW21322/ref=sr_1_69?dib=eyJ2IjoiMSJ9.4kffFGlM917356n4xGLSRZUv0b2vbu5PqKP5HywxMxw7sM3CvHXDShD4KHHqoFsBQQZ8b9X0tKVwidteog9rCKIhX3Lzn9HUbtI6nysnuVu_sXUSyBWLVFaPw38wdnPM_WiKRrxkpx3evLgX8FZI_Zen1B89wHrxbMFIqGsmnGfzXu4GRLXUXewipBM3S1K-ScG5_ghTKhDa1k_eHORLP4xIWumqSiN7CAFHbDcnVzc.Gl3zDMFuO4jPMoid-LXV497oaQmc32gpK4kF5-l025Y&dib_tag=se&keywords=phones&qid=1760991419&sr=8-69
EDNITA   , "EDNITA Suction Phone Case, Phone Suction Sticker, Silicone Suction Phone Case for Hands-Free Mobile Accessory Holder Grip, Video Phone Accessory Compatible Mirror, Shower-Black (Pack of-1)"           ,          99, https://www.amazon.in/EDNITA-Hands-Free-Accessory-Compatible-Shower-Black/dp/B0F3VTDJRN/ref=sr_1_70?dib=eyJ2IjoiMSJ9.4kffFGlM917356n4xGLSRZUv0b2vbu5PqKP5HywxMxw7sM3CvHXDShD4KHHqoFsBQQZ8b9X0tKVwidteog9rCKIhX3Lzn9HUbtI6nysnuVu_sXUSyBWLVFaPw38wdnPM_WiKRrxkpx3evLgX8FZI_Zen1B89wHrxbMFIqGsmnGfzXu4GRLXUXewipBM3S1K-ScG5_ghTKhDa1k_eHORLP4xIWumqSiN7CAFHbDcnVzc.Gl3zDMFuO4jPMoid-LXV497oaQmc32gpK4kF5-l025Y&dib_tag=se&keywords=phones&qid=1760991419&sr=8-70
iQOO     , "iQOO Neo 10R 5G (Moonknight Titanium, 8GB RAM, 128GB Storage) | Snapdragon 8s Gen 3 Processor | India's Slimmest 6400mAh Battery Smartphone | Segment's Most Stable 90FPS for 5 Hours"                  ,       24999, https://www.amazon.in/iQOO-Moonknight-Snapdragon-Processor-Smartphone/dp/B0DW478NDF/ref=sr_1_71?dib=eyJ2IjoiMSJ9.4kffFGlM917356n4xGLSRZUv0b2vbu5PqKP5HywxMxw7sM3CvHXDShD4KHHqoFsBQQZ8b9X0tKVwidteog9rCKIhX3Lzn9HUbtI6nysnuVu_sXUSyBWLVFaPw38wdnPM_WiKRrxkpx3evLgX8FZI_Zen1B89wHrxbMFIqGsmnGfzXu4GRLXUXewipBM3S1K-ScG5_ghTKhDa1k_eHORLP4xIWumqSiN7CAFHbDcnVzc.Gl3zDMFuO4jPMoid-LXV497oaQmc32gpK4kF5-l025Y&dib_tag=se&keywords=phones&qid=1760991419&sr=8-71
JioBharat, "JioBharat V4 4G Phone with JioTV, JioHotstar, UPI, JioSoundPay,JioSaavn, Long Lasting Battery, LED Torch, Digital Camera | Blue | Locked for JioNetwork"                                                ,         799, https://www.amazon.in/JioBharat-JioHotstar-JioSoundPay-JioSaavn-JioNetwork/dp/B0DJMLK4TT/ref=sr_1_72?dib=eyJ2IjoiMSJ9.4kffFGlM917356n4xGLSRZUv0b2vbu5PqKP5HywxMxw7sM3CvHXDShD4KHHqoFsBQQZ8b9X0tKVwidteog9rCKIhX3Lzn9HUbtI6nysnuVu_sXUSyBWLVFaPw38wdnPM_WiKRrxkpx3evLgX8FZI_Zen1B89wHrxbMFIqGsmnGfzXu4GRLXUXewipBM3S1K-ScG5_ghTKhDa1k_eHORLP4xIWumqSiN7CAFHbDcnVzc.Gl3zDMFuO4jPMoid-LXV497oaQmc32gpK4kF5-l025Y&dib_tag=se&keywords=phones&qid=1760991419&sr=8-72
realme   , "realme NARZO 80 Pro 5G (Speed Silver,12GB+256GB) | Segment's 1st MediaTek Dimensity 7400 Chipset | 6000mAh Titan Battery + 80W Ultra Charge | 4500nits HyperGlow Esports Display | IP69 Waterproof"     ,       19998, https://www.amazon.in/realme-Segments-Dimensity-HyperGlow-Waterproof/dp/B0F1D9PQZZ/ref=sr_1_73?dib=eyJ2IjoiMSJ9.4kffFGlM917356n4xGLSRZUv0b2vbu5PqKP5HywxMxw7sM3CvHXDShD4KHHqoFsBQQZ8b9X0tKVwidteog9rCKIhX3Lzn9HUbtI6nysnuVu_sXUSyBWLVFaPw38wdnPM_WiKRrxkpx3evLgX8FZI_Zen1B89wHrxbMFIqGsmnGfzXu4GRLXUXewipBM3S1K-ScG5_ghTKhDa1k_eHORLP4xIWumqSiN7CAFHbDcnVzc.Gl3zDMFuO4jPMoid-LXV497oaQmc32gpK4kF5-l025Y&dib_tag=se&keywords=phones&qid=1760991419&sr=8-73
Infinix  , "Infinix Note 50s 5G+ (Titanium Grey, 6GB RAM, 128GB Storage) | Slimmest 3D Curved 144Hz AMOLED Display | 5500mAH Battery | Dual Speakers by JBL | 90FPS BGMI | 64MP Sony Camera"                        ,       14999, https://www.amazon.in/Infinix-Titanium-Storage-Slimmest-Speakers/dp/B0FGPDQWJJ/ref=sr_1_74?dib=eyJ2IjoiMSJ9.4kffFGlM917356n4xGLSRZUv0b2vbu5PqKP5HywxMxw7sM3CvHXDShD4KHHqoFsBQQZ8b9X0tKVwidteog9rCKIhX3Lzn9HUbtI6nysnuVu_sXUSyBWLVFaPw38wdnPM_WiKRrxkpx3evLgX8FZI_Zen1B89wHrxbMFIqGsmnGfzXu4GRLXUXewipBM3S1K-ScG5_ghTKhDa1k_eHORLP4xIWumqSiN7CAFHbDcnVzc.Gl3zDMFuO4jPMoid-LXV497oaQmc32gpK4kF5-l025Y&dib_tag=se&keywords=phones&qid=1760991419&sr=8-74
iPhone   , "iPhone Air 1 TB: Thinnest iPhone Ever, 16.63 cm (6.5″) Display with Promotion up to 120Hz, Powerful A19 Pro Chip, Center Stage Front Camera, All-Day Battery Life; Sky Blue"                            ,      159900, https://www.amazon.in/sspa/click?ie=UTF8&spc=MTo2ODQ4ODAwNzgxMjg2MjA0OjE3NjA5OTE0MTk6c3BfbXRmOjMwMDcyNTMzMTYxOTYzMjo6MDo6&url=%2FiPhone-Air-TB-Thinnest-Promotion%2Fdp%2FB0FQG1TPG9%2Fref%3Dsr_1_75_sspa%3Fdib%3DeyJ2IjoiMSJ9.4kffFGlM917356n4xGLSRZUv0b2vbu5PqKP5HywxMxw7sM3CvHXDShD4KHHqoFsBQQZ8b9X0tKVwidteog9rCKIhX3Lzn9HUbtI6nysnuVu_sXUSyBWLVFaPw38wdnPM_WiKRrxkpx3evLgX8FZI_Zen1B89wHrxbMFIqGsmnGfzXu4GRLXUXewipBM3S1K-ScG5_ghTKhDa1k_eHORLP4xIWumqSiN7CAFHbDcnVzc.Gl3zDMFuO4jPMoid-LXV497oaQmc32gpK4kF5-l025Y%26dib_tag%3Dse%26keywords%3Dphones%26qid%3D1760991419%26sr%3D8-75-spons%26sp_csd%3Dd2lkZ2V0TmFtZT1zcF9tdGY%26psc%3D1&aref=NHJOWigzBp&sp_cr=ZAZ
iPhone   , "iPhone 16 128 GB: 5G Mobile Phone with Camera Control, A18 Chip and a Big Boost in Battery Life. Works with AirPods; Pink"                                                                              ,       66900, https://www.amazon.in/sspa/click?ie=UTF8&spc=MTo2ODQ4ODAwNzgxMjg2MjA0OjE3NjA5OTE0MTk6c3BfbXRmOjMwMDM1MTQ4MTk4MDgzMjo6MDo6&url=%2FiPhone-16-128-GB-Control%2Fdp%2FB0DGJ8YZDF%2Fref%3Dsr_1_76_sspa%3Fdib%3DeyJ2IjoiMSJ9.4kffFGlM917356n4xGLSRZUv0b2vbu5PqKP5HywxMxw7sM3CvHXDShD4KHHqoFsBQQZ8b9X0tKVwidteog9rCKIhX3Lzn9HUbtI6nysnuVu_sXUSyBWLVFaPw38wdnPM_WiKRrxkpx3evLgX8FZI_Zen1B89wHrxbMFIqGsmnGfzXu4GRLXUXewipBM3S1K-ScG5_ghTKhDa1k_eHORLP4xIWumqSiN7CAFHbDcnVzc.Gl3zDMFuO4jPMoid-LXV497oaQmc32gpK4kF5-l025Y%26dib_tag%3Dse%26keywords%3Dphones%26qid%3D1760991419%26sr%3D8-76-spons%26sp_csd%3Dd2lkZ2V0TmFtZT1zcF9tdGY%26psc%3D1&aref=OMUz326L4z&sp_cr=ZAZ
realme   , "realme 14x 5G Smartphone 8+128GB red, 6.67-inch Screen, 120Hz Display, 6000mAh Battery, 80MP, MediaTek Dimensity 6300, ArmorShell Protection, IP69"                                                     ,       14399, https://www.amazon.in/realme-Smartphone-6-67-inch-ArmorShell-Protection/dp/B0F3VWLMLK/ref=sr_1_77?dib=eyJ2IjoiMSJ9.4kffFGlM917356n4xGLSRZUv0b2vbu5PqKP5HywxMxw7sM3CvHXDShD4KHHqoFsBQQZ8b9X0tKVwidteog9rCKIhX3Lzn9HUbtI6nysnuVu_sXUSyBWLVFaPw38wdnPM_WiKRrxkpx3evLgX8FZI_Zen1B89wHrxbMFIqGsmnGfzXu4GRLXUXewipBM3S1K-ScG5_ghTKhDa1k_eHORLP4xIWumqSiN7CAFHbDcnVzc.Gl3zDMFuO4jPMoid-LXV497oaQmc32gpK4kF5-l025Y&dib_tag=se&keywords=phones&qid=1760991419&sr=8-77
Motorola , "Motorola Edge 50 Pro (Luxe Lavender, 12GB RAM, 256GB Storage)"                                                                                                                                          ,       23040, https://www.amazon.in/Motorola-Edge-125W-Charger-Lavender/dp/B0D37WRCP1/ref=sr_1_78?dib=eyJ2IjoiMSJ9.4kffFGlM917356n4xGLSRZUv0b2vbu5PqKP5HywxMxw7sM3CvHXDShD4KHHqoFsBQQZ8b9X0tKVwidteog9rCKIhX3Lzn9HUbtI6nysnuVu_sXUSyBWLVFaPw38wdnPM_WiKRrxkpx3evLgX8FZI_Zen1B89wHrxbMFIqGsmnGfzXu4GRLXUXewipBM3S1K-ScG5_ghTKhDa1k_eHORLP4xIWumqSiN7CAFHbDcnVzc.Gl3zDMFuO4jPMoid-LXV497oaQmc32gpK4kF5-l025Y&dib_tag=se&keywords=phones&qid=1760991419&sr=8-78
Samsung  , "Samsung Galaxy S24 5G AI Smartphone (Marble Gray, 8GB, 256GB Storage)"                                                                                                                                  ,       47185, https://www.amazon.in/Samsung-E1/dp/B0CS69N54K/ref=sr_1_79?dib=eyJ2IjoiMSJ9.4kffFGlM917356n4xGLSRZUv0b2vbu5PqKP5HywxMxw7sM3CvHXDShD4KHHqoFsBQQZ8b9X0tKVwidteog9rCKIhX3Lzn9HUbtI6nysnuVu_sXUSyBWLVFaPw38wdnPM_WiKRrxkpx3evLgX8FZI_Zen1B89wHrxbMFIqGsmnGfzXu4GRLXUXewipBM3S1K-ScG5_ghTKhDa1k_eHORLP4xIWumqSiN7CAFHbDcnVzc.Gl3zDMFuO4jPMoid-LXV497oaQmc32gpK4kF5-l025Y&dib_tag=se&keywords=phones&qid=1760991419&sr=8-79
Samsung  , "Samsung Galaxy S24 FE 5G AI Smartphone (Mint, 8GB RAM, 128GB Storage)"                                                                                                                                  ,       30999, https://www.amazon.in/Samsung-Galaxy-Smartphone-128GB-Storage/dp/B0DHL85K81/ref=sr_1_80?dib=eyJ2IjoiMSJ9.4kffFGlM917356n4xGLSRZUv0b2vbu5PqKP5HywxMxw7sM3CvHXDShD4KHHqoFsBQQZ8b9X0tKVwidteog9rCKIhX3Lzn9HUbtI6nysnuVu_sXUSyBWLVFaPw38wdnPM_WiKRrxkpx3evLgX8FZI_Zen1B89wHrxbMFIqGsmnGfzXu4GRLXUXewipBM3S1K-ScG5_ghTKhDa1k_eHORLP4xIWumqSiN7CAFHbDcnVzc.Gl3zDMFuO4jPMoid-LXV497oaQmc32gpK4kF5-l025Y&dib_tag=se&keywords=phones&qid=1760991419&sr=8-80
Samsung  , "Samsung Galaxy A35 5G (Awesome Navy, 8GB RAM, 256GB Storage) | Premium Glass Back | 50 MP Main Camera (OIS) | Nightography | IP67 | Corning Gorilla Glass Victus+ | sAMOLED with Vision Booster"        ,       21899, https://www.amazon.in/Samsung-Awesome-Storage-Premium-Nightography/dp/B0CWPB4X2Q/ref=sr_1_81?dib=eyJ2IjoiMSJ9.4kffFGlM917356n4xGLSRZUv0b2vbu5PqKP5HywxMxw7sM3CvHXDShD4KHHqoFsBQQZ8b9X0tKVwidteog9rCKIhX3Lzn9HUbtI6nysnuVu_sXUSyBWLVFaPw38wdnPM_WiKRrxkpx3evLgX8FZI_Zen1B89wHrxbMFIqGsmnGfzXu4GRLXUXewipBM3S1K-ScG5_ghTKhDa1k_eHORLP4xIWumqSiN7CAFHbDcnVzc.Gl3zDMFuO4jPMoid-LXV497oaQmc32gpK4kF5-l025Y&dib_tag=se&keywords=phones&qid=1760991419&sr=8-81
Redmi    , Redmi 15 5G Sandy Purple 8GB + 256GB | Segment's Largest 7000mAhA Battery | Segment's Largest Display 17.53cm(6.9) Up to 144Hz | Snapdragon 6s Gen 3 | 18W Reverse Charging | 50MP AI Dual Camera        ,       16998, https://www.amazon.in/Redmi-Segments-7000mAhA-Snapdragon-Charging/dp/B0FJFRYXFK/ref=sr_1_82?dib=eyJ2IjoiMSJ9.4kffFGlM917356n4xGLSRZUv0b2vbu5PqKP5HywxMxw7sM3CvHXDShD4KHHqoFsBQQZ8b9X0tKVwidteog9rCKIhX3Lzn9HUbtI6nysnuVu_sXUSyBWLVFaPw38wdnPM_WiKRrxkpx3evLgX8FZI_Zen1B89wHrxbMFIqGsmnGfzXu4GRLXUXewipBM3S1K-ScG5_ghTKhDa1k_eHORLP4xIWumqSiN7CAFHbDcnVzc.Gl3zDMFuO4jPMoid-LXV497oaQmc32gpK4kF5-l025Y&dib_tag=se&keywords=phones&qid=1760991419&sr=8-82
Samsung  , "Samsung Galaxy A35 5G (Awesome Lilac, 8GB RAM, 128GB Storage) | Premium Glass Back | 50 MP Main Camera (OIS) | Nightography | IP67 | Corning Gorilla Glass Victus+ | sAMOLED with Vision Booster"       ,       18875, https://www.amazon.in/Samsung-Awesome-Storage-Premium-Nightography/dp/B0CWPD4QWK/ref=sr_1_83?dib=eyJ2IjoiMSJ9.4kffFGlM917356n4xGLSRZUv0b2vbu5PqKP5HywxMxw7sM3CvHXDShD4KHHqoFsBQQZ8b9X0tKVwidteog9rCKIhX3Lzn9HUbtI6nysnuVu_sXUSyBWLVFaPw38wdnPM_WiKRrxkpx3evLgX8FZI_Zen1B89wHrxbMFIqGsmnGfzXu4GRLXUXewipBM3S1K-ScG5_ghTKhDa1k_eHORLP4xIWumqSiN7CAFHbDcnVzc.Gl3zDMFuO4jPMoid-LXV497oaQmc32gpK4kF5-l025Y&dib_tag=se&keywords=phones&qid=1760991419&sr=8-83
iQOO     , "iQOO Z10x 5G (Ultramarine, 6GB RAM, 128GB Storage) | 6500 mAh Large Capacity Battery | Dimensity 7300 Processor | Military-Grade Durability"                                                            ,       12998, https://www.amazon.in/iQOO-Ultramarine-Dimensity-Military-Grade-Durability/dp/B0F2T7B9TM/ref=sr_1_84?dib=eyJ2IjoiMSJ9.4kffFGlM917356n4xGLSRZUv0b2vbu5PqKP5HywxMxw7sM3CvHXDShD4KHHqoFsBQQZ8b9X0tKVwidteog9rCKIhX3Lzn9HUbtI6nysnuVu_sXUSyBWLVFaPw38wdnPM_WiKRrxkpx3evLgX8FZI_Zen1B89wHrxbMFIqGsmnGfzXu4GRLXUXewipBM3S1K-ScG5_ghTKhDa1k_eHORLP4xIWumqSiN7CAFHbDcnVzc.Gl3zDMFuO4jPMoid-LXV497oaQmc32gpK4kF5-l025Y&dib_tag=se&keywords=phones&qid=1760991419&sr=8-84
Samsung  , "Samsung Galaxy M17 5G (Sapphire Black, 4GB RAM, 128GB Storage)| Circle to Search| Gemini Live| 50MP OIS Triple Camera| IP54 Rating| Gorilla Glass Victus| AI| 6 Gen of OS Upgrades| Without Charger"    ,       12999, https://www.amazon.in/sspa/click?ie=UTF8&spc=MTo2ODQ4ODAwNzgxMjg2MjA0OjE3NjA5OTE0MTk6c3BfYnRmOjMwMDc3NTAyNDc1MTUzMjo6MDo6&url=%2FSamsung-Sapphire-Storage-Gorilla-Upgrades%2Fdp%2FB0FN7RN9TH%2Fref%3Dsr_1_85_sspa%3Fdib%3DeyJ2IjoiMSJ9.4kffFGlM917356n4xGLSRZUv0b2vbu5PqKP5HywxMxw7sM3CvHXDShD4KHHqoFsBQQZ8b9X0tKVwidteog9rCKIhX3Lzn9HUbtI6nysnuVu_sXUSyBWLVFaPw38wdnPM_WiKRrxkpx3evLgX8FZI_Zen1B89wHrxbMFIqGsmnGfzXu4GRLXUXewipBM3S1K-ScG5_ghTKhDa1k_eHORLP4xIWumqSiN7CAFHbDcnVzc.Gl3zDMFuO4jPMoid-LXV497oaQmc32gpK4kF5-l025Y%26dib_tag%3Dse%26keywords%3Dphones%26qid%3D1760991419%26sr%3D8-85-spons%26sp_csd%3Dd2lkZ2V0TmFtZT1zcF9idGY%26psc%3D1&aref=yEvxfknIZo&sp_cr=ZAZ
Lava     , "Lava Storm Play 5G (Dune Titanium, 8+8*GB RAM, 256 GB Storage)|India's First MT D7060 Processor with 525k Antutu |50 MP AI Camera | 6.75"" HD+ Display| 5000 mAh Battery |IP64 Dust & Water Proof"      ,       12499, https://www.amazon.in/sspa/click?ie=UTF8&spc=MTo2ODQ4ODAwNzgxMjg2MjA0OjE3NjA5OTE0MTk6c3BfYnRmOjMwMDcyMDIzNDA0NjkzMjo6MDo6&url=%2FLava-Storm-Play-5G-Processor%2Fdp%2FB0FL7YFTXH%2Fref%3Dsr_1_86_sspa%3Fdib%3DeyJ2IjoiMSJ9.4kffFGlM917356n4xGLSRZUv0b2vbu5PqKP5HywxMxw7sM3CvHXDShD4KHHqoFsBQQZ8b9X0tKVwidteog9rCKIhX3Lzn9HUbtI6nysnuVu_sXUSyBWLVFaPw38wdnPM_WiKRrxkpx3evLgX8FZI_Zen1B89wHrxbMFIqGsmnGfzXu4GRLXUXewipBM3S1K-ScG5_ghTKhDa1k_eHORLP4xIWumqSiN7CAFHbDcnVzc.Gl3zDMFuO4jPMoid-LXV497oaQmc32gpK4kF5-l025Y%26dib_tag%3Dse%26keywords%3Dphones%26qid%3D1760991419%26sr%3D8-86-spons%26sp_csd%3Dd2lkZ2V0TmFtZT1zcF9idGY%26psc%3D1&aref=ToWsryK0Nn&sp_cr=ZAZ
