Source,Brand,Product Name,Price (INR),Product Link
Amazon,Dell,"Dell Inspiron 3535, Windows 11 Home, AMD Ryzen 3 7320U Processor, (8GB RAM/512GB SSD/Window 11/Ms Office' 21/15.6""(39.62 Cm) FHD Display/15 Month Mcafee/Carbon Black/1.67Kg Thin & Light Laptop",28990,https://www.amazon.in/sspa/click?ie=UTF8&spc=MTo0Mjc2NDE2NjU0MjYyODEyOjE3NjEwMjc5NTA6c3BfYXRmOjMwMDcyMzY4MDEzMDMzMjo6MDo6&url=%2FDell-Inspiron-3535-Windows-Processor%2Fdp%2FB0DG5CY2Y2%2Fref%3Dsr_1_1_sspa%3Fdib%3DeyJ2IjoiMSJ9.TCRUpO2lJOJIhqSsUmnz58l5-Etz7V1-nv67schrJeUpININMkYNPRFoDTVeWHPbstgSEyFjeXcYSyUcJLxSYQD6g9xZEZguEdpGi4uT4TkiFpCIqtstiS31uNMjIx3G1T8qCeaK-3wtdvuYvU-D-uLHoQekObP2D9I25ydpNnQf3TfdrK6aOz5NVbJJwv3hCVAJgT0dJ9w5JR5rCHViVeG93o2qwmYZrRhVn0YFkAo.1BzC2lmKffVHAMo1T655ftbxx86p5ApEnC_u4MNxDDU%26dib_tag%3Dse%26keywords%3Dlaptops%26qid%3D1761027950%26sr%3D8-1-spons%26sp_csd%3Dd2lkZ2V0TmFtZT1zcF9hdGY%26psc%3D1&aref=8lmGrJDGAv&sp_cr=ZAZ
Amazon,Apple,"Apple 2025 MacBook Air (13-inch, Apple M4 chip with 10-core CPU and 8-core GPU, 16GB Unified Memory, 256GB) - Sky Blue",96990,https://www.amazon.in/sspa/click?ie=UTF8&spc=MTo0Mjc2NDE2NjU0MjYyODEyOjE3NjEwMjc5NTA6c3BfYXRmOjMwMDQ5OTQ1MzM0NzQzMjo6MDo6&url=%2FApple-MacBook-13-inch-10-core-Unified%2Fdp%2FB0DZDDQ429%2Fref%3Dsr_1_2_sspa%3Fdib%3DeyJ2IjoiMSJ9.TCRUpO2lJOJIhqSsUmnz58l5-Etz7V1-nv67schrJeUpININMkYNPRFoDTVeWHPbstgSEyFjeXcYSyUcJLxSYQD6g9xZEZguEdpGi4uT4TkiFpCIqtstiS31uNMjIx3G1T8qCeaK-3wtdvuYvU-D-uLHoQekObP2D9I25ydpNnQf3TfdrK6aOz5NVbJJwv3hCVAJgT0dJ9w5JR5rCHViVeG93o2qwmYZrRhVn0YFkAo.1BzC2lmKffVHAMo1T655ftbxx86p5ApEnC_u4MNxDDU%26dib_tag%3Dse%26keywords%3Dlaptops%26qid%3D1761027950%26sr%3D8-2-spons%26sp_csd%3Dd2lkZ2V0TmFtZT1zcF9hdGY%26psc%3D1&aref=zsKjVxuqwq&sp_cr=ZAZ
Amazon,Acer,"Acer SmartChoice Aspire Lite, AMD Ryzen 5-5625U Processor, 16 GB/512 GB, Full HD, 15.6""/39.62 cm, Windows 11 Home, Steel Gray, 1.59 kg, AL15-41, Metal Body, Thin and Light Laptop",32490,https://www.amazon.in/5-5625U-Premium-Windows-AL15-41-Display/dp/B0DG2GCTD7/ref=sr_1_3?dib=eyJ2IjoiMSJ9.TCRUpO2lJOJIhqSsUmnz58l5-Etz7V1-nv67schrJeUpININMkYNPRFoDTVeWHPbstgSEyFjeXcYSyUcJLxSYQD6g9xZEZguEdpGi4uT4TkiFpCIqtstiS31uNMjIx3G1T8qCeaK-3wtdvuYvU-D-uLHoQekObP2D9I25ydpNnQf3TfdrK6aOz5NVbJJwv3hCVAJgT0dJ9w5JR5rCHViVeG93o2qwmYZrRhVn0YFkAo.1BzC2lmKffVHAMo1T655ftbxx86p5ApEnC_u4MNxDDU&dib_tag=se&keywords=laptops&qid=1761027950&sr=8-3
Amazon,acer,"acer [SmartChoice Aspire 3 Laptop Intel Core Celeron N4500 Processor Laptop (8 GB LPDDR4X SDRAM/256 GB SSD/Win11 Home/38 WHR/HD Webcam) A325-45 with 39.63 cm (15.6"") HD Display, Pure Silver, 1.5 KG",20990,https://www.amazon.in/Acer-Celeron-Processor-LPDDR4X-A325-45/dp/B0D7PTFFZH/ref=sr_1_4?dib=eyJ2IjoiMSJ9.TCRUpO2lJOJIhqSsUmnz58l5-Etz7V1-nv67schrJeUpININMkYNPRFoDTVeWHPbstgSEyFjeXcYSyUcJLxSYQD6g9xZEZguEdpGi4uT4TkiFpCIqtstiS31uNMjIx3G1T8qCeaK-3wtdvuYvU-D-uLHoQekObP2D9I25ydpNnQf3TfdrK6aOz5NVbJJwv3hCVAJgT0dJ9w5JR5rCHViVeG93o2qwmYZrRhVn0YFkAo.1BzC2lmKffVHAMo1T655ftbxx86p5ApEnC_u4MNxDDU&dib_tag=se&keywords=laptops&qid=1761027950&sr=8-4
Amazon,Lenovo,"Lenovo 14 (2025), Intel Core i5 13th Gen 13420H - (8 GB/512 GB SSD/Intel UHD Graphics/Windows 11 Home) Thin and Light Business Laptop/14.0"" FHD Display/Iron Grey/1.4 kg/Microsoft Office 2021",44790,https://www.amazon.in/Lenovo-14-Intel-Core-13420H/dp/B0FRYNXJP8/ref=sr_1_5?dib=eyJ2IjoiMSJ9.TCRUpO2lJOJIhqSsUmnz58l5-Etz7V1-nv67schrJeUpININMkYNPRFoDTVeWHPbstgSEyFjeXcYSyUcJLxSYQD6g9xZEZguEdpGi4uT4TkiFpCIqtstiS31uNMjIx3G1T8qCeaK-3wtdvuYvU-D-uLHoQekObP2D9I25ydpNnQf3TfdrK6aOz5NVbJJwv3hCVAJgT0dJ9w5JR5rCHViVeG93o2qwmYZrRhVn0YFkAo.1BzC2lmKffVHAMo1T655ftbxx86p5ApEnC_u4MNxDDU&dib_tag=se&keywords=laptops&qid=1761027950&sr=8-5
Amazon,acer,"acer Aspire Lite, AMD Ryzen 3 5300U Processor, 16 GB RAM, 512GB SSD, Full HD, 15.6""/39.62cm, Windows 11 Home, Steel Gray, 1.59KG, AL15-41, Metal Body, Premium Thin and Light Laptop",27990,https://www.amazon.in/Acer-Premium-Windows-AL15-41-Display/dp/B0CWTYGPH8/ref=sr_1_6?dib=eyJ2IjoiMSJ9.TCRUpO2lJOJIhqSsUmnz58l5-Etz7V1-nv67schrJeUpININMkYNPRFoDTVeWHPbstgSEyFjeXcYSyUcJLxSYQD6g9xZEZguEdpGi4uT4TkiFpCIqtstiS31uNMjIx3G1T8qCeaK-3wtdvuYvU-D-uLHoQekObP2D9I25ydpNnQf3TfdrK6aOz5NVbJJwv3hCVAJgT0dJ9w5JR5rCHViVeG93o2qwmYZrRhVn0YFkAo.1BzC2lmKffVHAMo1T655ftbxx86p5ApEnC_u4MNxDDU&dib_tag=se&keywords=laptops&qid=1761027950&sr=8-6
Amazon,HP,"HP 15 (2025), AMD Athlon 7120U Dual Core - (8 GB/256 GB SSD/AMD Radeon Graphics/Windows 11 Home) Thin and Light Business Laptop/15.6"" HD Display/Black/1.5 kg/MS Office 2021",22790,https://www.amazon.in/HP-15-Athlon-7120U-Dual/dp/B0FKM37XT7/ref=sr_1_7?dib=eyJ2IjoiMSJ9.TCRUpO2lJOJIhqSsUmnz58l5-Etz7V1-nv67schrJeUpININMkYNPRFoDTVeWHPbstgSEyFjeXcYSyUcJLxSYQD6g9xZEZguEdpGi4uT4TkiFpCIqtstiS31uNMjIx3G1T8qCeaK-3wtdvuYvU-D-uLHoQekObP2D9I25ydpNnQf3TfdrK6aOz5NVbJJwv3hCVAJgT0dJ9w5JR5rCHViVeG93o2qwmYZrRhVn0YFkAo.1BzC2lmKffVHAMo1T655ftbxx86p5ApEnC_u4MNxDDU&dib_tag=se&keywords=laptops&qid=1761027950&sr=8-7
Amazon,HP,"HP 15, 13th Gen Intel Core i3-1315U (12GB DDR4, 512GB SSD) FHD, Anti-Glare, Micro-Edge, 15.6''/39.6cm, Win11, M365 Basic(1yr)* Office24, Silver, 1.59kg, fd0573TU, FHD Camera w/Shutter Laptop",35490,https://www.amazon.in/HP-i3-1315U-Anti-Glare-Micro-Edge-fd0573TU/dp/B0F4R3GFMQ/ref=sr_1_8?dib=eyJ2IjoiMSJ9.TCRUpO2lJOJIhqSsUmnz58l5-Etz7V1-nv67schrJeUpININMkYNPRFoDTVeWHPbstgSEyFjeXcYSyUcJLxSYQD6g9xZEZguEdpGi4uT4TkiFpCIqtstiS31uNMjIx3G1T8qCeaK-3wtdvuYvU-D-uLHoQekObP2D9I25ydpNnQf3TfdrK6aOz5NVbJJwv3hCVAJgT0dJ9w5JR5rCHViVeG93o2qwmYZrRhVn0YFkAo.1BzC2lmKffVHAMo1T655ftbxx86p5ApEnC_u4MNxDDU&dib_tag=se&keywords=laptops&qid=1761027950&sr=8-8
Amazon,Lenovo,"Lenovo 14 (2025), Intel Core i5 13th Gen 13420H - (24 GB/512 GB SSD/Intel UHD Graphics/Windows 11 Home) Thin and Light Business Laptop/14.0"" FHD Display/Iron Grey/1.4 kg/Microsoft Office 2021",49000,https://www.amazon.in/Lenovo-14-Intel-Core-13420H/dp/B0FRYKK28X/ref=sr_1_9?dib=eyJ2IjoiMSJ9.TCRUpO2lJOJIhqSsUmnz58l5-Etz7V1-nv67schrJeUpININMkYNPRFoDTVeWHPbstgSEyFjeXcYSyUcJLxSYQD6g9xZEZguEdpGi4uT4TkiFpCIqtstiS31uNMjIx3G1T8qCeaK-3wtdvuYvU-D-uLHoQekObP2D9I25ydpNnQf3TfdrK6aOz5NVbJJwv3hCVAJgT0dJ9w5JR5rCHViVeG93o2qwmYZrRhVn0YFkAo.1BzC2lmKffVHAMo1T655ftbxx86p5ApEnC_u4MNxDDU&dib_tag=se&keywords=laptops&qid=1761027950&sr=8-9
Amazon,HP,"HP 15s, 12th Gen Intel Core i3-1215U (8GB DDR4, 512GB SSD) Anti-Glare, 15.6""/39.6cm,FHD, Win 11, MS Office 21, Silver, 1.69kg, fy5006tu/fd0751tu/fd0752tu, UHD Graphics, HD Camera, Dual Speakers Laptop",30900,https://www.amazon.in/HP-i3-1215U-Anti-Glare-15-6inch-Graphics/dp/B0CJBL2QWY/ref=sr_1_10?dib=eyJ2IjoiMSJ9.TCRUpO2lJOJIhqSsUmnz58l5-Etz7V1-nv67schrJeUpININMkYNPRFoDTVeWHPbstgSEyFjeXcYSyUcJLxSYQD6g9xZEZguEdpGi4uT4TkiFpCIqtstiS31uNMjIx3G1T8qCeaK-3wtdvuYvU-D-uLHoQekObP2D9I25ydpNnQf3TfdrK6aOz5NVbJJwv3hCVAJgT0dJ9w5JR5rCHViVeG93o2qwmYZrRhVn0YFkAo.1BzC2lmKffVHAMo1T655ftbxx86p5ApEnC_u4MNxDDU&dib_tag=se&keywords=laptops&qid=1761027950&sr=8-10
Amazon,Dell,"Dell 15 Intel Core i5 13th Gen - 1334U, 16GB DDR4 RAM, 512GB SSD, FHD 15.6""/39.62 cm, Windows 11, MSO'21, Grey, 1.66kg, 120Hz 250 nits Display, 15 Month McAfee, Thin & Light Laptop",49990,https://www.amazon.in/sspa/click?ie=UTF8&spc=MTo0Mjc2NDE2NjU0MjYyODEyOjE3NjEwMjc5NTA6c3BfbXRmOjMwMDI3ODQwODY1MjIzMjo6MDo6&url=%2FDell-Intel-Core-13th-Gen%2Fdp%2FB0D2Y1BLDT%2Fref%3Dsr_1_11_sspa%3Fdib%3DeyJ2IjoiMSJ9.TCRUpO2lJOJIhqSsUmnz58l5-Etz7V1-nv67schrJeUpININMkYNPRFoDTVeWHPbstgSEyFjeXcYSyUcJLxSYQD6g9xZEZguEdpGi4uT4TkiFpCIqtstiS31uNMjIx3G1T8qCeaK-3wtdvuYvU-D-uLHoQekObP2D9I25ydpNnQf3TfdrK6aOz5NVbJJwv3hCVAJgT0dJ9w5JR5rCHViVeG93o2qwmYZrRhVn0YFkAo.1BzC2lmKffVHAMo1T655ftbxx86p5ApEnC_u4MNxDDU%26dib_tag%3Dse%26keywords%3Dlaptops%26qid%3D1761027950%26sr%3D8-11-spons%26sp_csd%3Dd2lkZ2V0TmFtZT1zcF9tdGY%26psc%3D1&aref=GT9EQiDDQz&sp_cr=ZAZ
Amazon,2022,"2022 Apple MacBook Air Laptop with M2 chip: 13.6-inch Liquid Retina Display, 16GB RAM, 256GB SSD Storage, Backlit Keyboard, 1080p FaceTime HD Camera. Works with iPhone and iPad; Silver",94990,https://www.amazon.in/sspa/click?ie=UTF8&spc=MTo0Mjc2NDE2NjU0MjYyODEyOjE3NjEwMjc5NTA6c3BfbXRmOjMwMDM5Mjk2MzMyNzUzMjo6MDo6&url=%2F2022-Apple-MacBook-Laptop-chip%2Fdp%2FB0DLHWMPQL%2Fref%3Dsr_1_12_sspa%3Fdib%3DeyJ2IjoiMSJ9.TCRUpO2lJOJIhqSsUmnz58l5-Etz7V1-nv67schrJeUpININMkYNPRFoDTVeWHPbstgSEyFjeXcYSyUcJLxSYQD6g9xZEZguEdpGi4uT4TkiFpCIqtstiS31uNMjIx3G1T8qCeaK-3wtdvuYvU-D-uLHoQekObP2D9I25ydpNnQf3TfdrK6aOz5NVbJJwv3hCVAJgT0dJ9w5JR5rCHViVeG93o2qwmYZrRhVn0YFkAo.1BzC2lmKffVHAMo1T655ftbxx86p5ApEnC_u4MNxDDU%26dib_tag%3Dse%26keywords%3Dlaptops%26qid%3D1761027950%26sr%3D8-12-spons%26sp_csd%3Dd2lkZ2V0TmFtZT1zcF9tdGY%26psc%3D1&aref=FhRFsq8vq2&sp_cr=ZAZ
Amazon,HP,"HP 15, 13th Gen Intel Core i5-1334U, (16GB DDR4,512GB SSD) Anti-Glare, Micro-Edge, FHD, 15.6''/39.6cm, Win11, M365 Basic(1yr)* Office24, Silver, 1.59kg, fd0577TU, Iris Xe, FHD Camera w/Shutter Laptop",51990,https://www.amazon.in/HP-i5-1334U-Anti-Glare-Micro-Edge-fd0577TU/dp/B0F4R6H3NB/ref=sr_1_13?dib=eyJ2IjoiMSJ9.TCRUpO2lJOJIhqSsUmnz58l5-Etz7V1-nv67schrJeUpININMkYNPRFoDTVeWHPbstgSEyFjeXcYSyUcJLxSYQD6g9xZEZguEdpGi4uT4TkiFpCIqtstiS31uNMjIx3G1T8qCeaK-3wtdvuYvU-D-uLHoQekObP2D9I25ydpNnQf3TfdrK6aOz5NVbJJwv3hCVAJgT0dJ9w5JR5rCHViVeG93o2qwmYZrRhVn0YFkAo.1BzC2lmKffVHAMo1T655ftbxx86p5ApEnC_u4MNxDDU&dib_tag=se&keywords=laptops&qid=1761027950&sr=8-13
Amazon,Acer,"Acer Aspire Lite, Intel Core i5 13th Gen - 1334U, 16GB RAM, 512GB SSD, Full HD 15.6""/39.62 cm, Windows 11 Home, MS Office, Steel Gray, 1.59 KG, AL15-53, Metal Body, Thin and Light Premium Laptop",40490,https://www.amazon.in/Acer-i5-1334U-39-62cm-Windows-AL15-53/dp/B0DPXBHF8H/ref=sr_1_14?dib=eyJ2IjoiMSJ9.TCRUpO2lJOJIhqSsUmnz58l5-Etz7V1-nv67schrJeUpININMkYNPRFoDTVeWHPbstgSEyFjeXcYSyUcJLxSYQD6g9xZEZguEdpGi4uT4TkiFpCIqtstiS31uNMjIx3G1T8qCeaK-3wtdvuYvU-D-uLHoQekObP2D9I25ydpNnQf3TfdrK6aOz5NVbJJwv3hCVAJgT0dJ9w5JR5rCHViVeG93o2qwmYZrRhVn0YFkAo.1BzC2lmKffVHAMo1T655ftbxx86p5ApEnC_u4MNxDDU&dib_tag=se&keywords=laptops&qid=1761027950&sr=8-14
Amazon,HP,"HP Professional 14 (2025), Intel Core i3 13th Gen 1315U - (16 GB/512 GB SSD/Intel UHD Graphics/Windows 11 Home) Thin and Light Business Laptop/14.0"" HD Display/Turbo Silver/1.4 Kg/MSO 2021",36990,https://www.amazon.in/dp/B0FVJJSYXW/ref=sr_1_15?dib=eyJ2IjoiMSJ9.TCRUpO2lJOJIhqSsUmnz58l5-Etz7V1-nv67schrJeUpININMkYNPRFoDTVeWHPbstgSEyFjeXcYSyUcJLxSYQD6g9xZEZguEdpGi4uT4TkiFpCIqtstiS31uNMjIx3G1T8qCeaK-3wtdvuYvU-D-uLHoQekObP2D9I25ydpNnQf3TfdrK6aOz5NVbJJwv3hCVAJgT0dJ9w5JR5rCHViVeG93o2qwmYZrRhVn0YFkAo.1BzC2lmKffVHAMo1T655ftbxx86p5ApEnC_u4MNxDDU&dib_tag=se&keywords=laptops&qid=1761027950&sr=8-15
Amazon,ASUS,"ASUS Vivobook 15, Smartchoice, AMD Ryzen 7 5825U, 16GB RAM, 512GB SSD, FHD 15.6"", Windows 11, Office Home 2024, Quiet Blue, 1.7Kg, M1502YA-BQ703WS, AMD Radeon iGPU, M365 Basic (1Year)*, 42Whr Laptop",41990,https://www.amazon.in/ASUS-Vivobook-Smartchoice-Windows-M1502YA-BQ703WS/dp/B0FC2LKFSC/ref=sr_1_16?dib=eyJ2IjoiMSJ9.TCRUpO2lJOJIhqSsUmnz58l5-Etz7V1-nv67schrJeUpININMkYNPRFoDTVeWHPbstgSEyFjeXcYSyUcJLxSYQD6g9xZEZguEdpGi4uT4TkiFpCIqtstiS31uNMjIx3G1T8qCeaK-3wtdvuYvU-D-uLHoQekObP2D9I25ydpNnQf3TfdrK6aOz5NVbJJwv3hCVAJgT0dJ9w5JR5rCHViVeG93o2qwmYZrRhVn0YFkAo.1BzC2lmKffVHAMo1T655ftbxx86p5ApEnC_u4MNxDDU&dib_tag=se&keywords=laptops&qid=1761027950&sr=8-16
Amazon,Lenovo,"Lenovo V15 G4 AMD Ryzen 5 7520U 15.6 inch FHD Laptop, AMD Graphics, 16GB DDR5 5500Mhz Ram, 512GB SSD NVMe, Windows 11, Dolby Audio, Arctic Grey, 1 Year Onsite Brand Warranty",34299,https://www.amazon.in/Lenovo-Graphics-5500Mhz-Windows-Warranty/dp/B0F29HNJL1/ref=sr_1_17?dib=eyJ2IjoiMSJ9.TCRUpO2lJOJIhqSsUmnz58l5-Etz7V1-nv67schrJeUpININMkYNPRFoDTVeWHPbstgSEyFjeXcYSyUcJLxSYQD6g9xZEZguEdpGi4uT4TkiFpCIqtstiS31uNMjIx3G1T8qCeaK-3wtdvuYvU-D-uLHoQekObP2D9I25ydpNnQf3TfdrK6aOz5NVbJJwv3hCVAJgT0dJ9w5JR5rCHViVeG93o2qwmYZrRhVn0YFkAo.1BzC2lmKffVHAMo1T655ftbxx86p5ApEnC_u4MNxDDU&dib_tag=se&keywords=laptops&qid=1761027950&sr=8-17
Amazon,Lenovo,"Lenovo V15 Intel Core i3 13th Gen (16GB RAM/512GB SSD/Windows 11 Home/Office 2024/Iron Grey) 15.6"" FHD (1920x1080) Antiglare 250 Nits Thin & Light Laptop/1Y Onsite/1.65 kg, 83CCA08KIN",36990,https://www.amazon.in/Lenovo-Windows-1920x1080-Antiglare-83CCA08KIN/dp/B0FNS215RC/ref=sr_1_18?dib=eyJ2IjoiMSJ9.TCRUpO2lJOJIhqSsUmnz58l5-Etz7V1-nv67schrJeUpININMkYNPRFoDTVeWHPbstgSEyFjeXcYSyUcJLxSYQD6g9xZEZguEdpGi4uT4TkiFpCIqtstiS31uNMjIx3G1T8qCeaK-3wtdvuYvU-D-uLHoQekObP2D9I25ydpNnQf3TfdrK6aOz5NVbJJwv3hCVAJgT0dJ9w5JR5rCHViVeG93o2qwmYZrRhVn0YFkAo.1BzC2lmKffVHAMo1T655ftbxx86p5ApEnC_u4MNxDDU&dib_tag=se&keywords=laptops&qid=1761027950&sr=8-18
Amazon,ULTIMUS,ULTIMUS APEX Laptop Intel Celeron Dual Core 8 GB LPDDR4 512 GB SSD Expandable~1TB 14.1 FHD IPS Laptop Anti-Glare Ultra Thin Bezel 180° Hinge 3.0x3 USB HDMI SD Card Slot Win 11 Home 1.25KG Silver,16870,https://www.amazon.in/ULTIMUS-Laptop-Celeron-Expandable-1TB-Anti-Glare/dp/B0F5WTFC3D/ref=sr_1_19?dib=eyJ2IjoiMSJ9.TCRUpO2lJOJIhqSsUmnz58l5-Etz7V1-nv67schrJeUpININMkYNPRFoDTVeWHPbstgSEyFjeXcYSyUcJLxSYQD6g9xZEZguEdpGi4uT4TkiFpCIqtstiS31uNMjIx3G1T8qCeaK-3wtdvuYvU-D-uLHoQekObP2D9I25ydpNnQf3TfdrK6aOz5NVbJJwv3hCVAJgT0dJ9w5JR5rCHViVeG93o2qwmYZrRhVn0YFkAo.1BzC2lmKffVHAMo1T655ftbxx86p5ApEnC_u4MNxDDU&dib_tag=se&keywords=laptops&qid=1761027950&sr=8-19
Amazon,Lenovo,"Lenovo V15 G4 AMD Athlon Silver 7120U Laptop 8GB LPDDR5 Ram, 512 GB SSD PCIe, Windows 11 Lifetime Validity,15.6"" FHD Screen, AMD Radeon 610M, Silver, 1 Year Brand Warranty",25979,https://www.amazon.in/Lenovo-V15-Lifetime-Validity-Warranty/dp/B0CL7CMTXS/ref=sr_1_20?dib=eyJ2IjoiMSJ9.TCRUpO2lJOJIhqSsUmnz58l5-Etz7V1-nv67schrJeUpININMkYNPRFoDTVeWHPbstgSEyFjeXcYSyUcJLxSYQD6g9xZEZguEdpGi4uT4TkiFpCIqtstiS31uNMjIx3G1T8qCeaK-3wtdvuYvU-D-uLHoQekObP2D9I25ydpNnQf3TfdrK6aOz5NVbJJwv3hCVAJgT0dJ9w5JR5rCHViVeG93o2qwmYZrRhVn0YFkAo.1BzC2lmKffVHAMo1T655ftbxx86p5ApEnC_u4MNxDDU&dib_tag=se&keywords=laptops&qid=1761027950&sr=8-20
Amazon,Apple,"Apple 2024 MacBook Pro Laptop with M4 chip with 10‑core CPU and 10‑core GPU: Built for Apple Intelligence, (14.2″) Liquid Retina XDR Display, 14GB Unified Memory, 1TB SSD Storage; Space Black",201990,https://www.amazon.in/sspa/click?ie=UTF8&spc=MTo0Mjc2NDE2NjU0MjYyODEyOjE3NjEwMjc5NTA6c3BfYnRmOjMwMDM5Mjk2MzMyNjQzMjo6MDo6&url=%2FApple-2024-MacBook-Laptop-10%25E2%2580%2591core%2Fdp%2FB0DLJ82ZMT%2Fref%3Dsr_1_21_sspa%3Fdib%3DeyJ2IjoiMSJ9.TCRUpO2lJOJIhqSsUmnz58l5-Etz7V1-nv67schrJeUpININMkYNPRFoDTVeWHPbstgSEyFjeXcYSyUcJLxSYQD6g9xZEZguEdpGi4uT4TkiFpCIqtstiS31uNMjIx3G1T8qCeaK-3wtdvuYvU-D-uLHoQekObP2D9I25ydpNnQf3TfdrK6aOz5NVbJJwv3hCVAJgT0dJ9w5JR5rCHViVeG93o2qwmYZrRhVn0YFkAo.1BzC2lmKffVHAMo1T655ftbxx86p5ApEnC_u4MNxDDU%26dib_tag%3Dse%26keywords%3Dlaptops%26qid%3D1761027950%26sr%3D8-21-spons%26sp_csd%3Dd2lkZ2V0TmFtZT1zcF9idGY%26psc%3D1&aref=oQS4QU8hBn&sp_cr=ZAZ
Amazon,Apple,"Apple 2025 MacBook Air (15-inch, Apple M4 chip with 10-core CPU and 10-core GPU, 24GB Unified Memory, 512GB) - Starlight",159990,https://www.amazon.in/sspa/click?ie=UTF8&spc=MTo0Mjc2NDE2NjU0MjYyODEyOjE3NjEwMjc5NTA6c3BfYnRmOjMwMDQ5OTQ1MzM0ODgzMjo6MDo6&url=%2FApple-MacBook-15-inch-10-core-Unified%2Fdp%2FB0DZDVCYN2%2Fref%3Dsr_1_22_sspa%3Fdib%3DeyJ2IjoiMSJ9.TCRUpO2lJOJIhqSsUmnz58l5-Etz7V1-nv67schrJeUpININMkYNPRFoDTVeWHPbstgSEyFjeXcYSyUcJLxSYQD6g9xZEZguEdpGi4uT4TkiFpCIqtstiS31uNMjIx3G1T8qCeaK-3wtdvuYvU-D-uLHoQekObP2D9I25ydpNnQf3TfdrK6aOz5NVbJJwv3hCVAJgT0dJ9w5JR5rCHViVeG93o2qwmYZrRhVn0YFkAo.1BzC2lmKffVHAMo1T655ftbxx86p5ApEnC_u4MNxDDU%26dib_tag%3Dse%26keywords%3Dlaptops%26qid%3D1761027950%26sr%3D8-22-spons%26sp_csd%3Dd2lkZ2V0TmFtZT1zcF9idGY%26psc%3D1&aref=TfQdvPzMd0&sp_cr=ZAZ
Amazon,Dell,"Dell Inspiron 3535, Windows 11 Home, AMD Ryzen 3 7320U Processor, (8GB RAM/512GB SSD/Window 11/Ms Office' 21/15.6""(39.62 Cm) FHD Display/15 Month Mcafee/Carbon Black/1.67Kg Thin & Light Laptop",28990,https://www.amazon.in/sspa/click?ie=UTF8&spc=MTo3ODEzMTg4NTgzNzM0MTczOjE3NjEwMjc5NjA6c3BfYXRmX25leHQ6MzAwNzIzNjgwMTMwMzMyOjowOjo&url=%2FDell-Inspiron-3535-Windows-Processor%2Fdp%2FB0DG5CY2Y2%2Fref%3Dsr_1_17_sspa%3Fdib%3DeyJ2IjoiMSJ9.76ILhTFBh55wgQqGcYj00BzTMyJMGn3Kp045qe4sXPqt68aSH2oG3Sf78N7zHTtbzkgQU2-w8LI-udlutjAZFl665izs8Y-Q9GZY1cwj57uMgCHY6N4WOmRF0nGg2LLM39h8NjF06chM64OFP2O-qmtzyPscju-iBgm7CXYFqIv2o9cqgCPDvPiPJYmmZqvb0j3jUoBN5_eI0UG2_fyEKR__SfxSPBVLFes_lnSQBOc.QBDUNbf7y7i1GwmzwNID0HE-Ub6hxPpnpMoMTm2FDB4%26dib_tag%3Dse%26keywords%3Dlaptops%26qid%3D1761027960%26sr%3D8-17-spons%26sp_csd%3Dd2lkZ2V0TmFtZT1zcF9hdGZfbmV4dA%26psc%3D1&aref=8lmGrJDGAv&sp_cr=ZAZ
Amazon,Apple,"Apple 2025 MacBook Air (13-inch, Apple M4 chip with 10-core CPU and 8-core GPU, 16GB Unified Memory, 256GB) - Sky Blue",96990,https://www.amazon.in/sspa/click?ie=UTF8&spc=MTo3ODEzMTg4NTgzNzM0MTczOjE3NjEwMjc5NjA6c3BfYXRmX25leHQ6MzAwNDk5NDUzMzQ3NDMyOjowOjo&url=%2FApple-MacBook-13-inch-10-core-Unified%2Fdp%2FB0DZDDQ429%2Fref%3Dsr_1_18_sspa%3Fdib%3DeyJ2IjoiMSJ9.76ILhTFBh55wgQqGcYj00BzTMyJMGn3Kp045qe4sXPqt68aSH2oG3Sf78N7zHTtbzkgQU2-w8LI-udlutjAZFl665izs8Y-Q9GZY1cwj57uMgCHY6N4WOmRF0nGg2LLM39h8NjF06chM64OFP2O-qmtzyPscju-iBgm7CXYFqIv2o9cqgCPDvPiPJYmmZqvb0j3jUoBN5_eI0UG2_fyEKR__SfxSPBVLFes_lnSQBOc.QBDUNbf7y7i1GwmzwNID0HE-Ub6hxPpnpMoMTm2FDB4%26dib_tag%3Dse%26keywords%3Dlaptops%26qid%3D1761027960%26sr%3D8-18-spons%26sp_csd%3Dd2lkZ2V0TmFtZT1zcF9hdGZfbmV4dA%26psc%3D1&aref=zsKjVxuqwq&sp_cr=ZAZ
Amazon,Dell,"Dell Vostro, Intel Core i3 13th Gen - 1305U, 16GB DDR4 RAM, 512GB, FHD 15.6""/39.6 cm, Windows 11, Office H&S 2024, Carbon Grey, 1.66Kg, 120Hz 250 nits Narrow Border Display, Intel UHD Graphics Laptop",34990,https://www.amazon.in/Dell-Vostro-Intel-Core-13th/dp/B0FG2RJ9NC/ref=sr_1_19?dib=eyJ2IjoiMSJ9.76ILhTFBh55wgQqGcYj00BzTMyJMGn3Kp045qe4sXPqt68aSH2oG3Sf78N7zHTtbzkgQU2-w8LI-udlutjAZFl665izs8Y-Q9GZY1cwj57uMgCHY6N4WOmRF0nGg2LLM39h8NjF06chM64OFP2O-qmtzyPscju-iBgm7CXYFqIv2o9cqgCPDvPiPJYmmZqvb0j3jUoBN5_eI0UG2_fyEKR__SfxSPBVLFes_lnSQBOc.QBDUNbf7y7i1GwmzwNID0HE-Ub6hxPpnpMoMTm2FDB4&dib_tag=se&keywords=laptops&qid=1761027960&sr=8-19
Amazon,ASUS,"ASUS TUF A15 (2025), AMD Ryzen 7 7445HS, Gaming Laptop(RTX 3050,75W TGP,16GB DDR5(Upgradeable Upto 64GB )512GB SSD,FHD,15.6"",144Hz,RGB Keyboard,48Whrs,Windows 11,Graphite Black,2.3 Kg) FA506NCG-HN199W",61990,https://www.amazon.in/ASUS-Upgradeable-Keyboard-Graphite-FA506NCG-HN199W/dp/B0FM3C4L2F/ref=sr_1_20?dib=eyJ2IjoiMSJ9.76ILhTFBh55wgQqGcYj00BzTMyJMGn3Kp045qe4sXPqt68aSH2oG3Sf78N7zHTtbzkgQU2-w8LI-udlutjAZFl665izs8Y-Q9GZY1cwj57uMgCHY6N4WOmRF0nGg2LLM39h8NjF06chM64OFP2O-qmtzyPscju-iBgm7CXYFqIv2o9cqgCPDvPiPJYmmZqvb0j3jUoBN5_eI0UG2_fyEKR__SfxSPBVLFes_lnSQBOc.QBDUNbf7y7i1GwmzwNID0HE-Ub6hxPpnpMoMTm2FDB4&dib_tag=se&keywords=laptops&qid=1761027960&sr=8-20
Amazon,HP,"HP Smartchoice Victus, 13th Gen Intel Core i5-13420H, 4GB RTX 3050, 16GB DDR4(Upgradeable) 512GB SSD, 144Hz, 300nits, FHD, 15.6’’/39.6cm, Win11, Office24, Blue, 2.29kg, fa2190/fa2191tx Gaming Laptop",62990,https://www.amazon.in/HP-Smartchoice-i5-13420H-Upgradeable-fa2190TX/dp/B0F6CVT23B/ref=sr_1_21?dib=eyJ2IjoiMSJ9.76ILhTFBh55wgQqGcYj00BzTMyJMGn3Kp045qe4sXPqt68aSH2oG3Sf78N7zHTtbzkgQU2-w8LI-udlutjAZFl665izs8Y-Q9GZY1cwj57uMgCHY6N4WOmRF0nGg2LLM39h8NjF06chM64OFP2O-qmtzyPscju-iBgm7CXYFqIv2o9cqgCPDvPiPJYmmZqvb0j3jUoBN5_eI0UG2_fyEKR__SfxSPBVLFes_lnSQBOc.QBDUNbf7y7i1GwmzwNID0HE-Ub6hxPpnpMoMTm2FDB4&dib_tag=se&keywords=laptops&qid=1761027960&sr=8-21
Amazon,ASUS,"ASUS Vivobook 15, Smartchoice,Intel Core i5 13th Gen 13420H,16GB RAM, 512GB SSD, FHD 15.6"",Windows 11, Office Home 2024, Quiet Blue, 1.70 kg, X1502VA-BQ836WS,Intel UHD iGPU, M365 Basic (1Year)* Laptop",48990,https://www.amazon.in/ASUS-Vivobook-i5-13420H-Keyboard-X1502VA-BQ836WS/dp/B0DTYKLHYC/ref=sr_1_22?dib=eyJ2IjoiMSJ9.76ILhTFBh55wgQqGcYj00BzTMyJMGn3Kp045qe4sXPqt68aSH2oG3Sf78N7zHTtbzkgQU2-w8LI-udlutjAZFl665izs8Y-Q9GZY1cwj57uMgCHY6N4WOmRF0nGg2LLM39h8NjF06chM64OFP2O-qmtzyPscju-iBgm7CXYFqIv2o9cqgCPDvPiPJYmmZqvb0j3jUoBN5_eI0UG2_fyEKR__SfxSPBVLFes_lnSQBOc.QBDUNbf7y7i1GwmzwNID0HE-Ub6hxPpnpMoMTm2FDB4&dib_tag=se&keywords=laptops&qid=1761027960&sr=8-22
Amazon,HP,"HP 14 245 G10 (2025), AMD Ryzen 5 7520U Quad Core - (8 GB/512 GB SSD/AMD Radeon Graphics/Windows 11) Thin and Light Business Laptop/14.0"" HD Display/Ash Grey/1.36 kg MS Office 2021",28990,https://www.amazon.in/HP-14-Ryzen-7520U-Quad/dp/B0F6V25PSC/ref=sr_1_23?dib=eyJ2IjoiMSJ9.76ILhTFBh55wgQqGcYj00BzTMyJMGn3Kp045qe4sXPqt68aSH2oG3Sf78N7zHTtbzkgQU2-w8LI-udlutjAZFl665izs8Y-Q9GZY1cwj57uMgCHY6N4WOmRF0nGg2LLM39h8NjF06chM64OFP2O-qmtzyPscju-iBgm7CXYFqIv2o9cqgCPDvPiPJYmmZqvb0j3jUoBN5_eI0UG2_fyEKR__SfxSPBVLFes_lnSQBOc.QBDUNbf7y7i1GwmzwNID0HE-Ub6hxPpnpMoMTm2FDB4&dib_tag=se&keywords=laptops&qid=1761027960&sr=8-23
Amazon,MSI,"MSI Modern 15,AMD 7th Gen. Ryzen 5 7430U,40CM FHD 60Hz Thin & Light Laptop (16GB/512GB NVMe SSD/Windows 11 Home/Office 2021/AMD Radeon/Classic Black/1.75Kg) B7M-445IN",36990,https://www.amazon.in/MSI-Modern-Windows-Classic-B7M-445IN/dp/B0BW5QPBGW/ref=sr_1_24?dib=eyJ2IjoiMSJ9.76ILhTFBh55wgQqGcYj00BzTMyJMGn3Kp045qe4sXPqt68aSH2oG3Sf78N7zHTtbzkgQU2-w8LI-udlutjAZFl665izs8Y-Q9GZY1cwj57uMgCHY6N4WOmRF0nGg2LLM39h8NjF06chM64OFP2O-qmtzyPscju-iBgm7CXYFqIv2o9cqgCPDvPiPJYmmZqvb0j3jUoBN5_eI0UG2_fyEKR__SfxSPBVLFes_lnSQBOc.QBDUNbf7y7i1GwmzwNID0HE-Ub6hxPpnpMoMTm2FDB4&dib_tag=se&keywords=laptops&qid=1761027960&sr=8-24
Amazon,ASUS,"ASUS Vivobook Go 15, AMD Ryzen 3 7320U Thin & Light Laptop(AMD Radeon iGPU/8GB RAM/512GB SSD/FHD/15.6""/60Hz/Windows 11/M365 Basic (1Year)*/Office Home 2024/Mixed Black/1.63 Kg) E1504FA-NJ130WS",28590,https://www.amazon.in/ASUS-Vivobook-Laptop-Windows-E1504FA-NJ130WS/dp/B0FB981B85/ref=sr_1_25?dib=eyJ2IjoiMSJ9.76ILhTFBh55wgQqGcYj00BzTMyJMGn3Kp045qe4sXPqt68aSH2oG3Sf78N7zHTtbzkgQU2-w8LI-udlutjAZFl665izs8Y-Q9GZY1cwj57uMgCHY6N4WOmRF0nGg2LLM39h8NjF06chM64OFP2O-qmtzyPscju-iBgm7CXYFqIv2o9cqgCPDvPiPJYmmZqvb0j3jUoBN5_eI0UG2_fyEKR__SfxSPBVLFes_lnSQBOc.QBDUNbf7y7i1GwmzwNID0HE-Ub6hxPpnpMoMTm2FDB4&dib_tag=se&keywords=laptops&qid=1761027960&sr=8-25
Amazon,HP,HP 255 Athlon 4 GB/ 256 GB SSD/DOS,22387,https://www.amazon.in/HP-%E2%80%8E%E2%80%8ELaptop-Athlon-Silver-Windows/dp/B0DV984J97/ref=sr_1_26?dib=eyJ2IjoiMSJ9.76ILhTFBh55wgQqGcYj00BzTMyJMGn3Kp045qe4sXPqt68aSH2oG3Sf78N7zHTtbzkgQU2-w8LI-udlutjAZFl665izs8Y-Q9GZY1cwj57uMgCHY6N4WOmRF0nGg2LLM39h8NjF06chM64OFP2O-qmtzyPscju-iBgm7CXYFqIv2o9cqgCPDvPiPJYmmZqvb0j3jUoBN5_eI0UG2_fyEKR__SfxSPBVLFes_lnSQBOc.QBDUNbf7y7i1GwmzwNID0HE-Ub6hxPpnpMoMTm2FDB4&dib_tag=se&keywords=laptops&qid=1761027960&sr=8-26
Amazon,Dell,"Dell 15 Intel Core i5 13th Gen - 1334U, 16GB DDR4 RAM, 512GB SSD, FHD 15.6""/39.62 cm, Windows 11, MSO'21, Grey, 1.66kg, 120Hz 250 nits Display, 15 Month McAfee, Thin & Light Laptop",49990,https://www.amazon.in/sspa/click?ie=UTF8&spc=MTo3ODEzMTg4NTgzNzM0MTczOjE3NjEwMjc5NjA6c3BfbXRmOjMwMDI3ODQwODY1MjIzMjo6MDo6&url=%2FDell-Intel-Core-13th-Gen%2Fdp%2FB0D2Y1BLDT%2Fref%3Dsr_1_27_sspa%3Fdib%3DeyJ2IjoiMSJ9.76ILhTFBh55wgQqGcYj00BzTMyJMGn3Kp045qe4sXPqt68aSH2oG3Sf78N7zHTtbzkgQU2-w8LI-udlutjAZFl665izs8Y-Q9GZY1cwj57uMgCHY6N4WOmRF0nGg2LLM39h8NjF06chM64OFP2O-qmtzyPscju-iBgm7CXYFqIv2o9cqgCPDvPiPJYmmZqvb0j3jUoBN5_eI0UG2_fyEKR__SfxSPBVLFes_lnSQBOc.QBDUNbf7y7i1GwmzwNID0HE-Ub6hxPpnpMoMTm2FDB4%26dib_tag%3Dse%26keywords%3Dlaptops%26qid%3D1761027960%26sr%3D8-27-spons%26sp_csd%3Dd2lkZ2V0TmFtZT1zcF9tdGY%26psc%3D1&aref=GT9EQiDDQz&sp_cr=ZAZ
Amazon,2022,"2022 Apple MacBook Air Laptop with M2 chip: 13.6-inch Liquid Retina Display, 16GB RAM, 256GB SSD Storage, Backlit Keyboard, 1080p FaceTime HD Camera. Works with iPhone and iPad; Silver",94990,https://www.amazon.in/sspa/click?ie=UTF8&spc=MTo3ODEzMTg4NTgzNzM0MTczOjE3NjEwMjc5NjA6c3BfbXRmOjMwMDM5Mjk2MzMyNzUzMjo6MDo6&url=%2F2022-Apple-MacBook-Laptop-chip%2Fdp%2FB0DLHWMPQL%2Fref%3Dsr_1_28_sspa%3Fdib%3DeyJ2IjoiMSJ9.76ILhTFBh55wgQqGcYj00BzTMyJMGn3Kp045qe4sXPqt68aSH2oG3Sf78N7zHTtbzkgQU2-w8LI-udlutjAZFl665izs8Y-Q9GZY1cwj57uMgCHY6N4WOmRF0nGg2LLM39h8NjF06chM64OFP2O-qmtzyPscju-iBgm7CXYFqIv2o9cqgCPDvPiPJYmmZqvb0j3jUoBN5_eI0UG2_fyEKR__SfxSPBVLFes_lnSQBOc.QBDUNbf7y7i1GwmzwNID0HE-Ub6hxPpnpMoMTm2FDB4%26dib_tag%3Dse%26keywords%3Dlaptops%26qid%3D1761027960%26sr%3D8-28-spons%26sp_csd%3Dd2lkZ2V0TmFtZT1zcF9tdGY%26psc%3D1&aref=FhRFsq8vq2&sp_cr=ZAZ
Amazon,Lenovo,"Lenovo {SmartChoice)Chromebook Intel Celeron N4500 (4GB RAM/64GB eMMC 5.1/11.6 Inch (29.46cm)/HD Display/2Wx2 Stereo Speakers/HD Camera/Chrome OS/Blue/1.21Kg), 82UY0014HA",11990,https://www.amazon.in/Lenovo-SmartChoice-Chromebook-Speakers-82UY0014HA/dp/B0F2TMZJ24/ref=sr_1_29?dib=eyJ2IjoiMSJ9.76ILhTFBh55wgQqGcYj00BzTMyJMGn3Kp045qe4sXPqt68aSH2oG3Sf78N7zHTtbzkgQU2-w8LI-udlutjAZFl665izs8Y-Q9GZY1cwj57uMgCHY6N4WOmRF0nGg2LLM39h8NjF06chM64OFP2O-qmtzyPscju-iBgm7CXYFqIv2o9cqgCPDvPiPJYmmZqvb0j3jUoBN5_eI0UG2_fyEKR__SfxSPBVLFes_lnSQBOc.QBDUNbf7y7i1GwmzwNID0HE-Ub6hxPpnpMoMTm2FDB4&dib_tag=se&keywords=laptops&qid=1761027960&sr=8-29
Amazon,Lenovo,"Lenovo Smartchoice Ideapad Slim 3 13Th Gen Intel Core I7-13620H 15.3 Inch(38.8Cm) WUXGA IPS Laptop(16GB RAM/512GB SSD/Windows 11/Office Home 2024/Backlit Keyboard/1Yr ADP Free/Grey/1.6Kg),83K100CJIN",61990,https://www.amazon.in/Lenovo-Smartchoice-I7-13620H-Keyboard-83K100CJIN/dp/B0F2162VGQ/ref=sr_1_30?dib=eyJ2IjoiMSJ9.76ILhTFBh55wgQqGcYj00BzTMyJMGn3Kp045qe4sXPqt68aSH2oG3Sf78N7zHTtbzkgQU2-w8LI-udlutjAZFl665izs8Y-Q9GZY1cwj57uMgCHY6N4WOmRF0nGg2LLM39h8NjF06chM64OFP2O-qmtzyPscju-iBgm7CXYFqIv2o9cqgCPDvPiPJYmmZqvb0j3jUoBN5_eI0UG2_fyEKR__SfxSPBVLFes_lnSQBOc.QBDUNbf7y7i1GwmzwNID0HE-Ub6hxPpnpMoMTm2FDB4&dib_tag=se&keywords=laptops&qid=1761027960&sr=8-30
Amazon,ASUS,"ASUS Vivobook 15, Intel Core i3 13th Gen 1315U, 12GB RAM, 512GB SSD, FHD 15.6"", Windows 11, Office Home 2024, Cool Silver, 1.7Kg, X1504VA-BQ331WS, Intel UHD iGPU, Thin & Light, 42Whrs Laptop",33990,https://www.amazon.in/ASUS-Vivobook-Windows-Office-X1504VA-BQ331WS/dp/B0FKBMW1BP/ref=sr_1_31?dib=eyJ2IjoiMSJ9.76ILhTFBh55wgQqGcYj00BzTMyJMGn3Kp045qe4sXPqt68aSH2oG3Sf78N7zHTtbzkgQU2-w8LI-udlutjAZFl665izs8Y-Q9GZY1cwj57uMgCHY6N4WOmRF0nGg2LLM39h8NjF06chM64OFP2O-qmtzyPscju-iBgm7CXYFqIv2o9cqgCPDvPiPJYmmZqvb0j3jUoBN5_eI0UG2_fyEKR__SfxSPBVLFes_lnSQBOc.QBDUNbf7y7i1GwmzwNID0HE-Ub6hxPpnpMoMTm2FDB4&dib_tag=se&keywords=laptops&qid=1761027960&sr=8-31
Amazon,Lenovo,"Lenovo ThinkBook 16 AMD Ryzen 7 7735HS (16GB RAM/512GB SSD/Windows 11 Home/Backlit Keyboard/Fingerprint) 16"" WUXGA IPS 300 Nits Thin & Light Laptop/1Y Warranty/Aluminium Top/1.7kg, 21MWA0AUIN",48990,https://www.amazon.in/Lenovo-ThinkBook-Fingerprint-Aluminium-21MWA0AUIN/dp/B0FD8TSZQC/ref=sr_1_32?dib=eyJ2IjoiMSJ9.76ILhTFBh55wgQqGcYj00BzTMyJMGn3Kp045qe4sXPqt68aSH2oG3Sf78N7zHTtbzkgQU2-w8LI-udlutjAZFl665izs8Y-Q9GZY1cwj57uMgCHY6N4WOmRF0nGg2LLM39h8NjF06chM64OFP2O-qmtzyPscju-iBgm7CXYFqIv2o9cqgCPDvPiPJYmmZqvb0j3jUoBN5_eI0UG2_fyEKR__SfxSPBVLFes_lnSQBOc.QBDUNbf7y7i1GwmzwNID0HE-Ub6hxPpnpMoMTm2FDB4&dib_tag=se&keywords=laptops&qid=1761027960&sr=8-32
Amazon,HP,"HP 15, 13th Gen Intel Core i7-1355U (16GB DDR4, 512GB SSD) FHD, Anti-Glare, 15.6’’/39.6cm, Win11, M365(1yr)* Office 24, Silver, 1.59kg, Iris Xe, FHD Camera w/Shutter, Backlit Laptop fd0468tu/fd0515tu",63990,https://www.amazon.in/HP-i7-1355U-Anti-Glare-fd0468tu-fd0515tu/dp/B0DTTS34NW/ref=sr_1_33?dib=eyJ2IjoiMSJ9.76ILhTFBh55wgQqGcYj00BzTMyJMGn3Kp045qe4sXPqt68aSH2oG3Sf78N7zHTtbzkgQU2-w8LI-udlutjAZFl665izs8Y-Q9GZY1cwj57uMgCHY6N4WOmRF0nGg2LLM39h8NjF06chM64OFP2O-qmtzyPscju-iBgm7CXYFqIv2o9cqgCPDvPiPJYmmZqvb0j3jUoBN5_eI0UG2_fyEKR__SfxSPBVLFes_lnSQBOc.QBDUNbf7y7i1GwmzwNID0HE-Ub6hxPpnpMoMTm2FDB4&dib_tag=se&keywords=laptops&qid=1761027960&sr=8-33
Amazon,Acer,"Acer SmartChoice ALG, 13th Gen Intel Core i5-13420H, NVIDIA GeForce RTX 3050-6GB DDR6, 16GB RAM, 512GB SSD, FHD 15.6""/39.62 cm, 144Hz, Windows 11 Home, Steel Gray, 1.99 KG, AL15G-53,Gaming Laptop",55990,https://www.amazon.in/SmartChoice-i5-13420H-GeForce-3050-6GB-AL15G-53/dp/B0DXVGVNKN/ref=sr_1_34?dib=eyJ2IjoiMSJ9.76ILhTFBh55wgQqGcYj00BzTMyJMGn3Kp045qe4sXPqt68aSH2oG3Sf78N7zHTtbzkgQU2-w8LI-udlutjAZFl665izs8Y-Q9GZY1cwj57uMgCHY6N4WOmRF0nGg2LLM39h8NjF06chM64OFP2O-qmtzyPscju-iBgm7CXYFqIv2o9cqgCPDvPiPJYmmZqvb0j3jUoBN5_eI0UG2_fyEKR__SfxSPBVLFes_lnSQBOc.QBDUNbf7y7i1GwmzwNID0HE-Ub6hxPpnpMoMTm2FDB4&dib_tag=se&keywords=laptops&qid=1761027960&sr=8-34
Amazon,Lenovo,"Lenovo IdeaPad Slim 3, 12th Gen Intel Core i5-12450H (16GB LPDDR5, 512GB SSD), Anti-glare, FHD 15.6""(39.6cm), Win 11, Office Home 2024, Arctic Grey, 1.62Kg, 83ER00MDIN, Thin & Light, Backlit KB Laptop",45460,https://www.amazon.in/Lenovo-IdeaPad-i5-12450H-Anti-glare-83ER00MDIN/dp/B0FH71SN5N/ref=sr_1_35?dib=eyJ2IjoiMSJ9.76ILhTFBh55wgQqGcYj00BzTMyJMGn3Kp045qe4sXPqt68aSH2oG3Sf78N7zHTtbzkgQU2-w8LI-udlutjAZFl665izs8Y-Q9GZY1cwj57uMgCHY6N4WOmRF0nGg2LLM39h8NjF06chM64OFP2O-qmtzyPscju-iBgm7CXYFqIv2o9cqgCPDvPiPJYmmZqvb0j3jUoBN5_eI0UG2_fyEKR__SfxSPBVLFes_lnSQBOc.QBDUNbf7y7i1GwmzwNID0HE-Ub6hxPpnpMoMTm2FDB4&dib_tag=se&keywords=laptops&qid=1761027960&sr=8-35
Amazon,ASUS,"ASUS Vivobook 15, Intel Core i3 13th Gen 1315U, 8GB RAM, 512GB SSD, FHD 15.6"", Windows 11, Office Home 2024, Cool Silver, 1.7Kg, X1504VA-NJ3320WS, Intel UHD iGPU, M365 Basic (1Year)* Laptop",32750,https://www.amazon.in/ASUS-Vivobook-Windows-Office-X1504VA-NJ3320WS/dp/B0FN9HRLXJ/ref=sr_1_36?dib=eyJ2IjoiMSJ9.76ILhTFBh55wgQqGcYj00BzTMyJMGn3Kp045qe4sXPqt68aSH2oG3Sf78N7zHTtbzkgQU2-w8LI-udlutjAZFl665izs8Y-Q9GZY1cwj57uMgCHY6N4WOmRF0nGg2LLM39h8NjF06chM64OFP2O-qmtzyPscju-iBgm7CXYFqIv2o9cqgCPDvPiPJYmmZqvb0j3jUoBN5_eI0UG2_fyEKR__SfxSPBVLFes_lnSQBOc.QBDUNbf7y7i1GwmzwNID0HE-Ub6hxPpnpMoMTm2FDB4&dib_tag=se&keywords=laptops&qid=1761027960&sr=8-36
Amazon,Dell,"Dell 15DC15250, Intel Core i5 13th Gen - 1334U, 16GB RAM, 1TB SSD, FHD 15.6""/39.62 cm, Windows 11, MSO'24, Silver, 1.62kg, Backlit Keyboard, 15 Month McAfee, Thin & Light Laptop",54990,https://www.amazon.in/sspa/click?ie=UTF8&spc=MTo3ODEzMTg4NTgzNzM0MTczOjE3NjEwMjc5NjA6c3BfYnRmOjMwMDUxMTcyNDkzOTAzMjo6MDo6&url=%2FDell-Inspiron-3530-i5-1334U-Keyboard%2Fdp%2FB0DSFQZTVW%2Fref%3Dsr_1_37_sspa%3Fdib%3DeyJ2IjoiMSJ9.76ILhTFBh55wgQqGcYj00BzTMyJMGn3Kp045qe4sXPqt68aSH2oG3Sf78N7zHTtbzkgQU2-w8LI-udlutjAZFl665izs8Y-Q9GZY1cwj57uMgCHY6N4WOmRF0nGg2LLM39h8NjF06chM64OFP2O-qmtzyPscju-iBgm7CXYFqIv2o9cqgCPDvPiPJYmmZqvb0j3jUoBN5_eI0UG2_fyEKR__SfxSPBVLFes_lnSQBOc.QBDUNbf7y7i1GwmzwNID0HE-Ub6hxPpnpMoMTm2FDB4%26dib_tag%3Dse%26keywords%3Dlaptops%26qid%3D1761027960%26sr%3D8-37-spons%26sp_csd%3Dd2lkZ2V0TmFtZT1zcF9idGY%26psc%3D1&aref=hblGNX1gro&sp_cr=ZAZ
Amazon,Apple,"Apple 2024 MacBook Pro Laptop with M4 chip with 10‑core CPU and 10‑core GPU: Built for Apple Intelligence, (14.2″) Liquid Retina XDR Display, 14GB Unified Memory, 1TB SSD Storage; Space Black",201990,https://www.amazon.in/sspa/click?ie=UTF8&spc=MTo3ODEzMTg4NTgzNzM0MTczOjE3NjEwMjc5NjA6c3BfYnRmOjMwMDM5Mjk2MzMyNjQzMjo6MDo6&url=%2FApple-2024-MacBook-Laptop-10%25E2%2580%2591core%2Fdp%2FB0DLJ82ZMT%2Fref%3Dsr_1_38_sspa%3Fdib%3DeyJ2IjoiMSJ9.76ILhTFBh55wgQqGcYj00BzTMyJMGn3Kp045qe4sXPqt68aSH2oG3Sf78N7zHTtbzkgQU2-w8LI-udlutjAZFl665izs8Y-Q9GZY1cwj57uMgCHY6N4WOmRF0nGg2LLM39h8NjF06chM64OFP2O-qmtzyPscju-iBgm7CXYFqIv2o9cqgCPDvPiPJYmmZqvb0j3jUoBN5_eI0UG2_fyEKR__SfxSPBVLFes_lnSQBOc.QBDUNbf7y7i1GwmzwNID0HE-Ub6hxPpnpMoMTm2FDB4%26dib_tag%3Dse%26keywords%3Dlaptops%26qid%3D1761027960%26sr%3D8-38-spons%26sp_csd%3Dd2lkZ2V0TmFtZT1zcF9idGY%26psc%3D1&aref=oQS4QU8hBn&sp_cr=ZAZ
Amazon,Dell,"Dell Inspiron 3535, Windows 11 Home, AMD Ryzen 3 7320U Processor, (8GB RAM/512GB SSD/Window 11/Ms Office' 21/15.6""(39.62 Cm) FHD Display/15 Month Mcafee/Carbon Black/1.67Kg Thin & Light Laptop",28990,https://www.amazon.in/sspa/click?ie=UTF8&spc=MTo4MjA5ODk2MzIxMzI3ODAzOjE3NjEwMjc5Njg6c3BfYXRmX25leHQ6MzAwNzIzNjgwMTMwMzMyOjowOjo&url=%2FDell-Inspiron-3535-Windows-Processor%2Fdp%2FB0DG5CY2Y2%2Fref%3Dsr_1_33_sspa%3Fdib%3DeyJ2IjoiMSJ9.2JOGuxpEfx_Uy5ywtQ2ClPojPCQ3DsRWx2jJJwwwe7QdS-7TsK4V5h9r614ZVueMu6CO1VgXKjG7vxDR7WRyt25J3EpmZ9FraQuASLpwCor9Wuq_Rl9-Wxu4m7hW1v7Txi51_qKVFssSqxqbd5UshMvPF9E7PGBKawUSt3zge3gwhvsaB4KF3aIjiXpqgpbpzjPfDZCAp7Le2X8Wknfr4K-FdPFJob9FXW2AyRKsbrU.EhzTyTt2wm5otShRRcVDrsjpuipaUUejjtEa7JGALZA%26dib_tag%3Dse%26keywords%3Dlaptops%26qid%3D1761027968%26sr%3D8-33-spons%26sp_csd%3Dd2lkZ2V0TmFtZT1zcF9hdGZfbmV4dA%26psc%3D1&aref=8lmGrJDGAv&sp_cr=ZAZ
Amazon,Dell,"Dell 15 Intel Core i5 13th Gen - 1334U, 16GB DDR4 RAM, 512GB SSD, FHD 15.6""/39.62 cm, Windows 11, MSO'21, Grey, 1.66kg, 120Hz 250 nits Display, 15 Month McAfee, Thin & Light Laptop",49990,https://www.amazon.in/sspa/click?ie=UTF8&spc=MTo4MjA5ODk2MzIxMzI3ODAzOjE3NjEwMjc5Njg6c3BfYXRmX25leHQ6MzAwMzg1MDE1MTc0MzMyOjowOjo&url=%2FDell-Intel-Core-13th-Gen%2Fdp%2FB0D2Y1BLDT%2Fref%3Dsr_1_34_sspa%3Fdib%3DeyJ2IjoiMSJ9.2JOGuxpEfx_Uy5ywtQ2ClPojPCQ3DsRWx2jJJwwwe7QdS-7TsK4V5h9r614ZVueMu6CO1VgXKjG7vxDR7WRyt25J3EpmZ9FraQuASLpwCor9Wuq_Rl9-Wxu4m7hW1v7Txi51_qKVFssSqxqbd5UshMvPF9E7PGBKawUSt3zge3gwhvsaB4KF3aIjiXpqgpbpzjPfDZCAp7Le2X8Wknfr4K-FdPFJob9FXW2AyRKsbrU.EhzTyTt2wm5otShRRcVDrsjpuipaUUejjtEa7JGALZA%26dib_tag%3Dse%26keywords%3Dlaptops%26qid%3D1761027968%26sr%3D8-34-spons%26sp_csd%3Dd2lkZ2V0TmFtZT1zcF9hdGZfbmV4dA%26psc%3D1&aref=CFcsZ6a9zI&sp_cr=ZAZ
Amazon,HP,"HP 255 G10 AMD Ryzen™ 7 7730U Octa CORE (16 GB/512 GB SSD/Windows 11/ AMD Radeon™ Graphics) MS Office Thin and Light Laptop/ 15.6"" FHD Display Anti-Glare,Turbo Silver/1.5 kg 1 Year Brand Warranty",43999,https://www.amazon.in/HP-RadeonTM-Graphics-Anti-Glare-Warranty/dp/B0FNKFRNBY/ref=sr_1_35?dib=eyJ2IjoiMSJ9.2JOGuxpEfx_Uy5ywtQ2ClPojPCQ3DsRWx2jJJwwwe7QdS-7TsK4V5h9r614ZVueMu6CO1VgXKjG7vxDR7WRyt25J3EpmZ9FraQuASLpwCor9Wuq_Rl9-Wxu4m7hW1v7Txi51_qKVFssSqxqbd5UshMvPF9E7PGBKawUSt3zge3gwhvsaB4KF3aIjiXpqgpbpzjPfDZCAp7Le2X8Wknfr4K-FdPFJob9FXW2AyRKsbrU.EhzTyTt2wm5otShRRcVDrsjpuipaUUejjtEa7JGALZA&dib_tag=se&keywords=laptops&qid=1761027968&sr=8-35
Amazon,JioBook,"JioBook 11 with Lifetime Office/Android 4G Laptop Mediatek 8788 (JioOS) / Octa-core/ 4GB RAM / 64 eMMC Storage/Thin and Light Laptop (11.6 inch, 990 Grams)/ Dual Band WiFi + SIM/Blue",10990,https://www.amazon.in/JioBook-Octa-Core-LPDDR4-JioOS-Expandable/dp/B0CKX9PY1H/ref=sr_1_36?dib=eyJ2IjoiMSJ9.2JOGuxpEfx_Uy5ywtQ2ClPojPCQ3DsRWx2jJJwwwe7QdS-7TsK4V5h9r614ZVueMu6CO1VgXKjG7vxDR7WRyt25J3EpmZ9FraQuASLpwCor9Wuq_Rl9-Wxu4m7hW1v7Txi51_qKVFssSqxqbd5UshMvPF9E7PGBKawUSt3zge3gwhvsaB4KF3aIjiXpqgpbpzjPfDZCAp7Le2X8Wknfr4K-FdPFJob9FXW2AyRKsbrU.EhzTyTt2wm5otShRRcVDrsjpuipaUUejjtEa7JGALZA&dib_tag=se&keywords=laptops&qid=1761027968&sr=8-36
Amazon,Dell,"Dell Inspiron 3535, Windows 11 Home, AMD Ryzen 3 7320U Processor, (8GB RAM/512GB SSD/Window 11/Ms Office' 21/15.6""(39.62 Cm) FHD Display/15 Month Mcafee/Carbon Black/1.67Kg Thin & Light Laptop",28990,https://www.amazon.in/Dell-Inspiron-3535-Windows-Processor/dp/B0DG5CY2Y2/ref=sr_1_37?dib=eyJ2IjoiMSJ9.2JOGuxpEfx_Uy5ywtQ2ClPojPCQ3DsRWx2jJJwwwe7QdS-7TsK4V5h9r614ZVueMu6CO1VgXKjG7vxDR7WRyt25J3EpmZ9FraQuASLpwCor9Wuq_Rl9-Wxu4m7hW1v7Txi51_qKVFssSqxqbd5UshMvPF9E7PGBKawUSt3zge3gwhvsaB4KF3aIjiXpqgpbpzjPfDZCAp7Le2X8Wknfr4K-FdPFJob9FXW2AyRKsbrU.EhzTyTt2wm5otShRRcVDrsjpuipaUUejjtEa7JGALZA&dib_tag=se&keywords=laptops&qid=1761027968&sr=8-37
Amazon,HP,"HP 15 (2025), AMD Ryzen 3 7330U Quad Core - (16 GB/512 GB SSD/AMD Radeon Graphics/Windows 11 Pro) Thin and Light Business Laptop/15.6"" FHD Display/Backlit Keyboard/Turbo Silver/1.5 kg/MS Office 2021",31400,https://www.amazon.in/HP-15-Ryzen-7330U-Quad/dp/B0FPLGZZ8D/ref=sr_1_38?dib=eyJ2IjoiMSJ9.2JOGuxpEfx_Uy5ywtQ2ClPojPCQ3DsRWx2jJJwwwe7QdS-7TsK4V5h9r614ZVueMu6CO1VgXKjG7vxDR7WRyt25J3EpmZ9FraQuASLpwCor9Wuq_Rl9-Wxu4m7hW1v7Txi51_qKVFssSqxqbd5UshMvPF9E7PGBKawUSt3zge3gwhvsaB4KF3aIjiXpqgpbpzjPfDZCAp7Le2X8Wknfr4K-FdPFJob9FXW2AyRKsbrU.EhzTyTt2wm5otShRRcVDrsjpuipaUUejjtEa7JGALZA&dib_tag=se&keywords=laptops&qid=1761027968&sr=8-38
Amazon,HP,"HP 15, AMD Ryzen 7 5825U (16GB DDR4, 512GB SSD) FHD, Anti-Glare, Micro-Edge,15.6''/39.6cm, Win11, M365(1yr)* Office24, Silver, 1.59kg, fc0476AU, Radeon Graphics, FHD Camera w/Shutter, Backlit Laptop",45490,https://www.amazon.in/HP-Anti-Glare-Micro-Edge-Office24-fc0476AU/dp/B0F66X762F/ref=sr_1_39?dib=eyJ2IjoiMSJ9.2JOGuxpEfx_Uy5ywtQ2ClPojPCQ3DsRWx2jJJwwwe7QdS-7TsK4V5h9r614ZVueMu6CO1VgXKjG7vxDR7WRyt25J3EpmZ9FraQuASLpwCor9Wuq_Rl9-Wxu4m7hW1v7Txi51_qKVFssSqxqbd5UshMvPF9E7PGBKawUSt3zge3gwhvsaB4KF3aIjiXpqgpbpzjPfDZCAp7Le2X8Wknfr4K-FdPFJob9FXW2AyRKsbrU.EhzTyTt2wm5otShRRcVDrsjpuipaUUejjtEa7JGALZA&dib_tag=se&keywords=laptops&qid=1761027968&sr=8-39
Amazon,ASUS,"ASUS Vivobook Go 14, AMD Ryzen 3 7320U, 8GB RAM, 512GB SSD, FHD 14"", Windows 11, Office Home 2024, Mixed Black, 1.38 kg, E1404FA-NK3325WS, AMD Radeon iGPU, M365 Basic (1Year)*, Thin & Light Laptop",28850,https://www.amazon.in/ASUS-Vivobook-Radeon-Windows-E1404FA-NK3325WS/dp/B0DTYNRVRX/ref=sr_1_40?dib=eyJ2IjoiMSJ9.2JOGuxpEfx_Uy5ywtQ2ClPojPCQ3DsRWx2jJJwwwe7QdS-7TsK4V5h9r614ZVueMu6CO1VgXKjG7vxDR7WRyt25J3EpmZ9FraQuASLpwCor9Wuq_Rl9-Wxu4m7hW1v7Txi51_qKVFssSqxqbd5UshMvPF9E7PGBKawUSt3zge3gwhvsaB4KF3aIjiXpqgpbpzjPfDZCAp7Le2X8Wknfr4K-FdPFJob9FXW2AyRKsbrU.EhzTyTt2wm5otShRRcVDrsjpuipaUUejjtEa7JGALZA&dib_tag=se&keywords=laptops&qid=1761027968&sr=8-40
Amazon,HP,"HP 15, AMD Ryzen 7 7735HS (16GB DDR5,512GB SSD) FHD, Anti-Glare, Micro-Edge, 15.6''/39.6cm, Win11, M365 Basic(1yr)* Office24, Silver, 1.59kg, fc1038AU, AMD Radeon FHD Camera w/Shutter, Backlit Laptop",57990,https://www.amazon.in/HP-Anti-Glare-Micro-Edge-Office24-fc1038AU/dp/B0F5W5FLPP/ref=sr_1_41?dib=eyJ2IjoiMSJ9.2JOGuxpEfx_Uy5ywtQ2ClPojPCQ3DsRWx2jJJwwwe7QdS-7TsK4V5h9r614ZVueMu6CO1VgXKjG7vxDR7WRyt25J3EpmZ9FraQuASLpwCor9Wuq_Rl9-Wxu4m7hW1v7Txi51_qKVFssSqxqbd5UshMvPF9E7PGBKawUSt3zge3gwhvsaB4KF3aIjiXpqgpbpzjPfDZCAp7Le2X8Wknfr4K-FdPFJob9FXW2AyRKsbrU.EhzTyTt2wm5otShRRcVDrsjpuipaUUejjtEa7JGALZA&dib_tag=se&keywords=laptops&qid=1761027968&sr=8-41
Amazon,HP,"HP 15, AMD Ryzen 3 7320U (8GB DDR4, 512GB SSD) FHD, Anti-Glare, Micro-Edge, 15.6''/39.6cm, Win11, M365 Basic(1yr)* Office24, Silver, 1.59kg, fc0500AU, FHD Camera w/Privacy Shutter Laptop",30990,https://www.amazon.in/HP-Anti-Glare-Micro-Edge-Office24-fc0500AU/dp/B0FJYJ8LVY/ref=sr_1_42?dib=eyJ2IjoiMSJ9.2JOGuxpEfx_Uy5ywtQ2ClPojPCQ3DsRWx2jJJwwwe7QdS-7TsK4V5h9r614ZVueMu6CO1VgXKjG7vxDR7WRyt25J3EpmZ9FraQuASLpwCor9Wuq_Rl9-Wxu4m7hW1v7Txi51_qKVFssSqxqbd5UshMvPF9E7PGBKawUSt3zge3gwhvsaB4KF3aIjiXpqgpbpzjPfDZCAp7Le2X8Wknfr4K-FdPFJob9FXW2AyRKsbrU.EhzTyTt2wm5otShRRcVDrsjpuipaUUejjtEa7JGALZA&dib_tag=se&keywords=laptops&qid=1761027968&sr=8-42
Amazon,Apple,"Apple 2025 MacBook Air (13-inch, Apple M4 chip with 10-core CPU and 8-core GPU, 16GB Unified Memory, 256GB) - Sky Blue",96990,https://www.amazon.in/sspa/click?ie=UTF8&spc=MTo4MjA5ODk2MzIxMzI3ODAzOjE3NjEwMjc5Njg6c3BfbXRmOjMwMDQ5OTQ1MzM0NzQzMjo6MDo6&url=%2FApple-MacBook-13-inch-10-core-Unified%2Fdp%2FB0DZDDQ429%2Fref%3Dsr_1_43_sspa%3Fdib%3DeyJ2IjoiMSJ9.2JOGuxpEfx_Uy5ywtQ2ClPojPCQ3DsRWx2jJJwwwe7QdS-7TsK4V5h9r614ZVueMu6CO1VgXKjG7vxDR7WRyt25J3EpmZ9FraQuASLpwCor9Wuq_Rl9-Wxu4m7hW1v7Txi51_qKVFssSqxqbd5UshMvPF9E7PGBKawUSt3zge3gwhvsaB4KF3aIjiXpqgpbpzjPfDZCAp7Le2X8Wknfr4K-FdPFJob9FXW2AyRKsbrU.EhzTyTt2wm5otShRRcVDrsjpuipaUUejjtEa7JGALZA%26dib_tag%3Dse%26keywords%3Dlaptops%26qid%3D1761027968%26sr%3D8-43-spons%26sp_csd%3Dd2lkZ2V0TmFtZT1zcF9tdGY%26psc%3D1&aref=zsKjVxuqwq&sp_cr=ZAZ
Amazon,2022,"2022 Apple MacBook Air Laptop with M2 chip: 13.6-inch Liquid Retina Display, 16GB RAM, 256GB SSD Storage, Backlit Keyboard, 1080p FaceTime HD Camera. Works with iPhone and iPad; Silver",94990,https://www.amazon.in/sspa/click?ie=UTF8&spc=MTo4MjA5ODk2MzIxMzI3ODAzOjE3NjEwMjc5Njg6c3BfbXRmOjMwMDM5Mjk2MzMyNzUzMjo6MDo6&url=%2F2022-Apple-MacBook-Laptop-chip%2Fdp%2FB0DLHWMPQL%2Fref%3Dsr_1_44_sspa%3Fdib%3DeyJ2IjoiMSJ9.2JOGuxpEfx_Uy5ywtQ2ClPojPCQ3DsRWx2jJJwwwe7QdS-7TsK4V5h9r614ZVueMu6CO1VgXKjG7vxDR7WRyt25J3EpmZ9FraQuASLpwCor9Wuq_Rl9-Wxu4m7hW1v7Txi51_qKVFssSqxqbd5UshMvPF9E7PGBKawUSt3zge3gwhvsaB4KF3aIjiXpqgpbpzjPfDZCAp7Le2X8Wknfr4K-FdPFJob9FXW2AyRKsbrU.EhzTyTt2wm5otShRRcVDrsjpuipaUUejjtEa7JGALZA%26dib_tag%3Dse%26keywords%3Dlaptops%26qid%3D1761027968%26sr%3D8-44-spons%26sp_csd%3Dd2lkZ2V0TmFtZT1zcF9tdGY%26psc%3D1&aref=FhRFsq8vq2&sp_cr=ZAZ
Amazon,Walker,"Walker Best Student &Office Work Laptop|Thin & Light|14.1"" 1920 * 1080 Resolution FHD IPS Display |4GB RAM,128GB SSD|Celeron Processor N4020 (Gemini Lake)| Windows 11 Home |Grey",12190,https://www.amazon.in/Walker-Resolution-Graphics-Mini-HDMI-Bluetooth/dp/B0C6DTCSTV/ref=sr_1_45?dib=eyJ2IjoiMSJ9.2JOGuxpEfx_Uy5ywtQ2ClPojPCQ3DsRWx2jJJwwwe7QdS-7TsK4V5h9r614ZVueMu6CO1VgXKjG7vxDR7WRyt25J3EpmZ9FraQuASLpwCor9Wuq_Rl9-Wxu4m7hW1v7Txi51_qKVFssSqxqbd5UshMvPF9E7PGBKawUSt3zge3gwhvsaB4KF3aIjiXpqgpbpzjPfDZCAp7Le2X8Wknfr4K-FdPFJob9FXW2AyRKsbrU.EhzTyTt2wm5otShRRcVDrsjpuipaUUejjtEa7JGALZA&dib_tag=se&keywords=laptops&qid=1761027968&sr=8-45
Amazon,Primebook,"Primebook 2 Neo 2025 (New Launch) | 6GB RAM, 128GB Storage (Upgradable Upto 512GB) | MediaTek Helio G99 | Android 15 (PrimeOS3.0) | in-Built AI | 11.6” Thin & Light Laptop | Type-C, USB, MicroSD Ports",15490,https://www.amazon.in/Primebook-Storage-Upgradable-MediaTek-PrimeOS3-0/dp/B0FDLB7BQZ/ref=sr_1_46?dib=eyJ2IjoiMSJ9.2JOGuxpEfx_Uy5ywtQ2ClPojPCQ3DsRWx2jJJwwwe7QdS-7TsK4V5h9r614ZVueMu6CO1VgXKjG7vxDR7WRyt25J3EpmZ9FraQuASLpwCor9Wuq_Rl9-Wxu4m7hW1v7Txi51_qKVFssSqxqbd5UshMvPF9E7PGBKawUSt3zge3gwhvsaB4KF3aIjiXpqgpbpzjPfDZCAp7Le2X8Wknfr4K-FdPFJob9FXW2AyRKsbrU.EhzTyTt2wm5otShRRcVDrsjpuipaUUejjtEa7JGALZA&dib_tag=se&keywords=laptops&qid=1761027968&sr=8-46
Amazon,Lenovo,"Lenovo 14 (2025), Intel Core i3 13th Gen 1315U - (16 GB/512 GB SSD/Intel UHD Graphics/Windows 11 Home) Thin and Light Business Laptop/14.0"" FHD Display/Iron Grey/1.4 kg/MSO 2021",32690,https://www.amazon.in/Lenovo-14-Intel-Core-1315U/dp/B0FMWL1QMH/ref=sr_1_47?dib=eyJ2IjoiMSJ9.2JOGuxpEfx_Uy5ywtQ2ClPojPCQ3DsRWx2jJJwwwe7QdS-7TsK4V5h9r614ZVueMu6CO1VgXKjG7vxDR7WRyt25J3EpmZ9FraQuASLpwCor9Wuq_Rl9-Wxu4m7hW1v7Txi51_qKVFssSqxqbd5UshMvPF9E7PGBKawUSt3zge3gwhvsaB4KF3aIjiXpqgpbpzjPfDZCAp7Le2X8Wknfr4K-FdPFJob9FXW2AyRKsbrU.EhzTyTt2wm5otShRRcVDrsjpuipaUUejjtEa7JGALZA&dib_tag=se&keywords=laptops&qid=1761027968&sr=8-47
Amazon,Acer,"Acer Aspire 3 12th Gen Intel Core i3-1215U Premium Laptop (8GB RAM/512GB SSD/Windows 11 Home) A325-51,15.6"" Full HD IPS Display, 54Whr Battery, Silver, 1.69 Kg",27990,https://www.amazon.in/Acer-i3-1215U-Premium-Windows-AL15-52/dp/B0CKLN7PSZ/ref=sr_1_48?dib=eyJ2IjoiMSJ9.2JOGuxpEfx_Uy5ywtQ2ClPojPCQ3DsRWx2jJJwwwe7QdS-7TsK4V5h9r614ZVueMu6CO1VgXKjG7vxDR7WRyt25J3EpmZ9FraQuASLpwCor9Wuq_Rl9-Wxu4m7hW1v7Txi51_qKVFssSqxqbd5UshMvPF9E7PGBKawUSt3zge3gwhvsaB4KF3aIjiXpqgpbpzjPfDZCAp7Le2X8Wknfr4K-FdPFJob9FXW2AyRKsbrU.EhzTyTt2wm5otShRRcVDrsjpuipaUUejjtEa7JGALZA&dib_tag=se&keywords=laptops&qid=1761027968&sr=8-48
Amazon,Acer,"Acer Nitro V 15, AMD Ryzen 5 6600H Hexa-core Processor,NVIDIA GeForce RTX 4050-6GB GDDR6,16 GB, 512 GB, Full HD IPS, 15.6""/39.62 cm, 165 Hz, Win 11 Home,Obsidian Black, 2.1 kg, ANV15-41,Gaming Laptop",62990,https://www.amazon.in/Acer-Hexa-core-Processor-4050-6GB-ANV15-41/dp/B0FPQ7YC8D/ref=sr_1_49?dib=eyJ2IjoiMSJ9.2JOGuxpEfx_Uy5ywtQ2ClPojPCQ3DsRWx2jJJwwwe7QdS-7TsK4V5h9r614ZVueMu6CO1VgXKjG7vxDR7WRyt25J3EpmZ9FraQuASLpwCor9Wuq_Rl9-Wxu4m7hW1v7Txi51_qKVFssSqxqbd5UshMvPF9E7PGBKawUSt3zge3gwhvsaB4KF3aIjiXpqgpbpzjPfDZCAp7Le2X8Wknfr4K-FdPFJob9FXW2AyRKsbrU.EhzTyTt2wm5otShRRcVDrsjpuipaUUejjtEa7JGALZA&dib_tag=se&keywords=laptops&qid=1761027968&sr=8-49
Amazon,Lenovo,"Lenovo 14 (2025), Intel Core i5 13th Gen 13420H - (16 GB/512 GB SSD/Intel UHD Graphics/Windows 11 Home) Thin and Light Business Laptop/14.0"" FHD Display/Iron Grey/1.4 kg/Microsoft Office 2021",46590,https://www.amazon.in/Lenovo-14-Intel-Core-13420H/dp/B0FRYKL1S5/ref=sr_1_50?dib=eyJ2IjoiMSJ9.2JOGuxpEfx_Uy5ywtQ2ClPojPCQ3DsRWx2jJJwwwe7QdS-7TsK4V5h9r614ZVueMu6CO1VgXKjG7vxDR7WRyt25J3EpmZ9FraQuASLpwCor9Wuq_Rl9-Wxu4m7hW1v7Txi51_qKVFssSqxqbd5UshMvPF9E7PGBKawUSt3zge3gwhvsaB4KF3aIjiXpqgpbpzjPfDZCAp7Le2X8Wknfr4K-FdPFJob9FXW2AyRKsbrU.EhzTyTt2wm5otShRRcVDrsjpuipaUUejjtEa7JGALZA&dib_tag=se&keywords=laptops&qid=1761027968&sr=8-50
Amazon,Lenovo,"Lenovo 15 (2025), Intel Core i3 12th Gen 1215U - (16 GB/512 GB SSD/Intel UHD Graphics/Windows 11 Home) Thin and Light Business Laptop/15.6"" FHD Display/Iron Grey/1.6 kg/MS Office 2021",32650,https://www.amazon.in/Lenovo-15-Intel-Core-1215U/dp/B0F6LSP45P/ref=sr_1_51?dib=eyJ2IjoiMSJ9.2JOGuxpEfx_Uy5ywtQ2ClPojPCQ3DsRWx2jJJwwwe7QdS-7TsK4V5h9r614ZVueMu6CO1VgXKjG7vxDR7WRyt25J3EpmZ9FraQuASLpwCor9Wuq_Rl9-Wxu4m7hW1v7Txi51_qKVFssSqxqbd5UshMvPF9E7PGBKawUSt3zge3gwhvsaB4KF3aIjiXpqgpbpzjPfDZCAp7Le2X8Wknfr4K-FdPFJob9FXW2AyRKsbrU.EhzTyTt2wm5otShRRcVDrsjpuipaUUejjtEa7JGALZA&dib_tag=se&keywords=laptops&qid=1761027968&sr=8-51
Amazon,Lenovo,"Lenovo IdeaPad 1, 8GB RAM, 512GB SSD, HD 15.6""(39.6cm), Windows 11, Grey, 1.55Kg, 82LX00F7IN, 3 Month Game Pass Laptop",25490,https://www.amazon.in/Lenovo-Ideapad-39-6Cm-Windows-82LX00F7IN/dp/B0F8QDP5MK/ref=sr_1_52?dib=eyJ2IjoiMSJ9.2JOGuxpEfx_Uy5ywtQ2ClPojPCQ3DsRWx2jJJwwwe7QdS-7TsK4V5h9r614ZVueMu6CO1VgXKjG7vxDR7WRyt25J3EpmZ9FraQuASLpwCor9Wuq_Rl9-Wxu4m7hW1v7Txi51_qKVFssSqxqbd5UshMvPF9E7PGBKawUSt3zge3gwhvsaB4KF3aIjiXpqgpbpzjPfDZCAp7Le2X8Wknfr4K-FdPFJob9FXW2AyRKsbrU.EhzTyTt2wm5otShRRcVDrsjpuipaUUejjtEa7JGALZA&dib_tag=se&keywords=laptops&qid=1761027968&sr=8-52
Amazon,Dell,"Dell 15DC15250, Intel Core i5 13th Gen - 1334U, 16GB RAM, 1TB SSD, FHD 15.6""/39.62 cm, Windows 11, MSO'24, Silver, 1.62kg, Backlit Keyboard, 15 Month McAfee, Thin & Light Laptop",54990,https://www.amazon.in/sspa/click?ie=UTF8&spc=MTo4MjA5ODk2MzIxMzI3ODAzOjE3NjEwMjc5Njg6c3BfYnRmOjMwMDUxMTcyNDkzOTAzMjo6MDo6&url=%2FDell-Inspiron-3530-i5-1334U-Keyboard%2Fdp%2FB0DSFQZTVW%2Fref%3Dsr_1_53_sspa%3Fdib%3DeyJ2IjoiMSJ9.2JOGuxpEfx_Uy5ywtQ2ClPojPCQ3DsRWx2jJJwwwe7QdS-7TsK4V5h9r614ZVueMu6CO1VgXKjG7vxDR7WRyt25J3EpmZ9FraQuASLpwCor9Wuq_Rl9-Wxu4m7hW1v7Txi51_qKVFssSqxqbd5UshMvPF9E7PGBKawUSt3zge3gwhvsaB4KF3aIjiXpqgpbpzjPfDZCAp7Le2X8Wknfr4K-FdPFJob9FXW2AyRKsbrU.EhzTyTt2wm5otShRRcVDrsjpuipaUUejjtEa7JGALZA%26dib_tag%3Dse%26keywords%3Dlaptops%26qid%3D1761027968%26sr%3D8-53-spons%26sp_csd%3Dd2lkZ2V0TmFtZT1zcF9idGY%26psc%3D1&aref=hblGNX1gro&sp_cr=ZAZ
Amazon,Apple,"Apple 2025 MacBook Air (15-inch, Apple M4 chip with 10-core CPU and 10-core GPU, 16GB Unified Memory, 256GB) - Sky Blue",120990,https://www.amazon.in/sspa/click?ie=UTF8&spc=MTo4MjA5ODk2MzIxMzI3ODAzOjE3NjEwMjc5Njg6c3BfYnRmOjMwMDQ5OTQ1MzM0ODUzMjo6MDo6&url=%2FApple-MacBook-15-inch-10-core-Unified%2Fdp%2FB0DZDDK21R%2Fref%3Dsr_1_54_sspa%3Fdib%3DeyJ2IjoiMSJ9.2JOGuxpEfx_Uy5ywtQ2ClPojPCQ3DsRWx2jJJwwwe7QdS-7TsK4V5h9r614ZVueMu6CO1VgXKjG7vxDR7WRyt25J3EpmZ9FraQuASLpwCor9Wuq_Rl9-Wxu4m7hW1v7Txi51_qKVFssSqxqbd5UshMvPF9E7PGBKawUSt3zge3gwhvsaB4KF3aIjiXpqgpbpzjPfDZCAp7Le2X8Wknfr4K-FdPFJob9FXW2AyRKsbrU.EhzTyTt2wm5otShRRcVDrsjpuipaUUejjtEa7JGALZA%26dib_tag%3Dse%26keywords%3Dlaptops%26qid%3D1761027968%26sr%3D8-54-spons%26sp_csd%3Dd2lkZ2V0TmFtZT1zcF9idGY%26psc%3D1&aref=OtF10tsLsV&sp_cr=ZAZ
